# Fonte: Wikidata SPARQL (P31=comune italiano Q747074, P635=codice ISTAT, P625=coordinata)
# Licenza: CC0 1.0 (Wikidata) - https://www.wikidata.org/wiki/Wikidata:Licensing
# Data di scarico: 2026-08-18
# Rigenerazione: npx tsx scripts/fetch-wikidata-territorial.ts
istat_code,latitude,longitude
006114,44.759167,8.785556
016088,45.661695,9.914825
001198,44.955983,7.182779
001295,45.383333,7.950000
001213,45.118350,7.888125
001263,44.958226,6.878825
001246,45.316667,7.816667
001243,45.142748,7.535817
001260,44.892700,7.493611
001270,45.133333,7.050000
001300,44.783333,7.500000
001233,45.458058,7.851118
001215,44.986444,7.869471
001261,45.383333,7.833333
001280,44.977125,7.743803
001235,45.450554,7.845243
001229,45.137946,7.384830
001208,45.426757,7.781617
001248,45.217050,7.630520
001199,45.420527,7.596855
001218,45.250497,7.717727
001206,45.367754,7.616915
001217,45.331216,7.717134
001238,45.382254,7.621015
001214,45.034045,7.518419
001241,45.026144,7.448118
001285,45.083333,7.333333
001279,45.266667,7.433333
001258,44.933333,6.866667
001236,45.227052,7.785021
001223,45.388657,7.866520
001230,45.468258,7.754616
001222,44.924692,7.331324
001219,45.069715,7.517676
001240,45.226467,7.657165
001251,45.350000,7.666667
001234,44.940652,7.053245
001281,45.050000,7.033333
001282,45.233333,7.216667
001255,45.100000,7.366667
001254,44.866667,7.300000
001278,45.516667,7.750000
001221,45.308854,7.575863
001224,45.499737,7.546855
001293,45.183333,7.966667
001268,45.423058,7.768563
001200,44.887293,7.267971
001226,44.792136,7.199017
001204,44.904484,7.211400
001273,45.216667,7.966667
001269,45.383333,7.883333
001232,45.072040,6.883205
001267,45.416667,7.550000
001299,44.850000,7.500000
001262,45.100000,7.883333
001211,45.052056,7.430403
001298,45.433333,7.750000
001287,45.366667,7.650000
001294,45.150000,8.100000
001227,45.001413,7.129432
001242,44.898550,7.241175
001228,45.067945,7.465117
001264,45.400000,8.000000
001216,45.332553,7.632916
001252,45.150000,7.850000
001231,45.358526,7.689239
001209,45.524529,7.833132
001291,45.150000,7.016667
001220,45.200049,7.568917
001301,45.235182,7.547521
001288,45.516667,7.550000
001289,45.210057,7.489448
001259,45.026667,6.858056
001207,45.352753,7.596015
001201,45.016217,6.942453
001253,45.161259,7.941672
001296,45.383333,7.816667
001245,45.127982,7.177985
001247,45.400000,7.816667
001205,44.865792,7.268223
001250,44.933886,7.292996
001237,45.247826,7.610843
001239,45.135444,7.213011
001244,45.334155,7.796819
001212,45.432040,7.501950
001202,44.889287,7.048861
001292,45.116667,7.633333
001286,45.228863,7.486200
001256,45.107069,7.272267
001257,44.950000,7.783333
001271,45.550000,7.816667
001276,45.033333,7.416667
001290,45.280146,7.625583
001265,45.133333,7.766667
001203,44.859744,7.901431
001210,45.562960,7.807315
001303,45.116667,7.383333
001283,45.102340,7.289410
001249,45.103889,7.753611
001274,45.399120,7.755812
001266,45.550000,7.833333
001225,45.246775,7.965426
001275,44.820278,7.223333
055020,42.921614,12.092701
041044,43.910150,12.913300
055012,42.620559,12.790071
055022,42.519298,12.515138
099014,44.059444,12.568333
102047,38.675278,16.095900
001305,45.116667,7.233333
015250,45.516667,9.100000
055030,42.869146,12.266493
086009,37.566667,14.266667
055019,42.597074,12.766300
117025,39.457800,8.742371
081021,38.017500,12.515000
045010,44.033333,10.133333
001307,44.916667,7.250000
093028,45.858333,12.927778
056059,42.418611,12.104167
057059,42.404430,12.856702
059011,41.467222,12.903611
055024,42.423233,12.478282
035033,44.700000,10.633333
091073,40.631282,9.719810
084001,37.310650,13.576610
055017,42.649841,12.487840
006039,45.134167,8.458333
085004,37.491472,14.062444
001314,45.200000,7.783333
073027,40.471111,17.243056
001312,45.433333,7.766667
060038,41.633333,13.350000
042021,43.523775,13.246197
095038,39.905819,8.591609
109006,43.161284,13.718397
001310,44.866667,7.566667
067041,42.658853,13.703911
040012,44.222778,12.041389
055028,42.687241,12.102129
001309,44.950000,7.633333
055018,42.662391,12.287062
001311,45.333333,7.950000
117015,39.561103,8.899956
091095,39.933333,9.650000
083048,38.193611,15.554167
001313,45.238333,7.375556
043023,43.300278,13.453333
075035,40.352011,18.169139
069022,42.351114,14.167428
055016,42.574317,12.330548
050026,43.716667,10.400000
055027,42.584883,12.843929
088009,36.925000,14.730556
064008,40.915278,14.789722
055015,42.623587,12.297160
001315,44.950000,7.500000
090064,40.726667,8.559167
001308,44.916667,7.750000
091037,39.878679,9.541454
033032,45.050000,9.700000
055029,42.613417,12.546393
113017,40.916667,9.500000
015027,45.550000,9.116667
051002,43.463056,11.878056
055013,42.836078,12.066224
001306,44.800000,7.166667
009056,44.308056,8.481111
043013,43.306750,13.728600
100005,43.880814,11.096561
039014,44.416111,12.201667
074001,40.638333,17.945833
044066,42.943781,13.883331
033005,44.771500,9.386400
055031,42.498245,12.662738
046017,43.850000,10.516667
001304,45.309900,7.976700
055014,42.509292,12.325257
114027,40.320062,9.328079
110001,41.231667,16.308333
038008,44.839167,11.617500
042017,43.338561,12.908519
047014,43.933333,10.916667
062008,41.133333,14.783333
113025,40.901480,9.104361
094023,41.602778,14.239722
110002,41.316667,16.283333
077014,40.666667,16.600000
089017,37.069167,15.287500
041013,43.842500,13.013611
119009,39.310261,8.537235
119003,39.166803,8.521957
110009,41.266667,16.416667
071024,41.458450,15.551880
008031,43.886467,8.029653
055026,42.492411,12.355458
001302,45.050000,7.466667
055025,42.863935,12.106552
055021,42.916446,12.051389
078045,39.300000,16.250000
045003,44.083333,10.100000
005033,44.865278,7.946389
005090,44.858611,8.161389
005086,45.056111,8.051111
005064,44.571944,8.335833
005052,44.919820,7.973200
005063,44.764444,8.279444
005050,44.785000,8.181944
005121,45.066111,8.098333
005111,44.797222,8.340000
005055,45.005000,8.173056
005038,44.987500,8.119722
005027,44.752222,8.434167
005101,44.951667,7.971667
005051,45.040833,8.097778
005114,45.001111,8.051111
005108,44.887222,8.077778
005119,45.007500,8.134722
005035,45.053056,8.036111
005061,44.761389,8.479444
005105,44.671667,8.337778
005096,44.859444,8.344167
005026,44.924338,8.074544
005042,45.088889,8.040556
005067,44.938611,8.073611
005085,45.058333,7.987222
005021,44.690000,8.303611
005106,44.962778,8.115278
005109,45.025278,8.191111
005034,44.857778,8.124722
005083,45.033889,8.252778
005093,44.873056,8.285833
005048,44.824167,8.359444
005066,44.816944,8.295000
005071,44.848056,8.215000
005088,44.751944,8.450278
005103,44.965833,8.280278
005091,44.953056,8.028056
005074,44.831389,8.260000
005060,44.670000,8.259444
005031,45.041667,7.964167
005084,45.025000,8.071667
005028,44.878889,8.318333
005069,45.051111,8.266389
005022,44.752222,8.151389
005054,44.752950,8.421340
005094,44.593333,8.273333
005112,44.902778,7.965278
005099,44.818889,8.111111
005019,45.004136,8.007991
005100,44.755278,8.296389
005073,44.990278,8.025833
005025,44.982222,8.211667
005059,44.834167,8.181389
096001,45.699500,8.222100
005080,44.774722,8.355000
005113,44.636667,8.228333
005053,44.876050,7.994210
005056,44.999167,8.300556
005049,44.993889,8.137222
005068,44.649444,8.327778
005037,44.650000,8.244722
005070,45.069167,7.933611
005095,44.708333,8.346389
005076,44.821667,8.238611
005097,44.834444,8.064722
005081,44.586667,8.248056
005062,44.945833,8.035278
005036,44.874167,8.359722
005116,44.835000,8.230278
005017,44.720840,8.292820
005057,45.041389,8.311667
005030,44.789167,8.286111
005065,44.772500,8.449167
005044,45.001944,8.146389
005072,44.699722,8.391667
005040,44.827222,8.001944
005115,44.981389,8.358333
005087,44.957500,8.258056
005089,44.937222,8.341944
005029,44.803056,8.411111
005104,44.555000,8.260833
005077,44.983889,8.326389
005118,44.942778,7.938333
005024,44.722778,8.381111
005082,45.056667,8.019722
005020,45.023333,8.338056
005107,44.997222,8.079444
005023,44.960000,8.305556
005058,44.808889,8.376944
005018,44.903333,8.028611
005032,44.719167,8.416389
005120,44.811944,8.321944
005041,44.729167,8.146111
005039,44.976111,8.101111
005075,45.008333,8.112500
005098,44.611944,8.243611
005092,45.101652,8.101930
005045,44.960000,8.059444
005117,44.912778,8.032778
005046,45.015278,8.089167
001054,45.343349,7.380124
001036,45.492502,7.803289
001018,45.068636,7.816531
001088,45.297583,7.460458
001030,45.512860,7.858017
001055,45.118845,7.331914
001003,45.315150,7.305909
001017,45.410186,7.744158
001073,45.431952,7.235706
001039,45.155492,8.060103
001014,45.423459,7.993922
001044,45.139271,7.147717
001020,45.453558,7.856318
001033,45.267550,7.766600
001023,45.325527,7.873063
001046,45.245961,7.517235
001024,45.022097,7.579397
001029,45.417055,7.668515
001012,45.040275,7.901594
001062,45.104746,7.480817
001069,45.152137,8.051479
001010,45.527360,7.880318
001056,45.398258,7.960322
001015,45.386587,7.755447
001064,45.159251,7.889425
001057,45.583302,7.810406
001089,45.052194,7.297902
001070,44.785499,7.373841
055032,42.560771,12.646782
001082,45.190959,7.887186
001026,44.807952,7.116765
001050,45.327755,7.885121
001078,45.013884,7.822354
001058,44.906943,7.673225
001013,45.077944,7.398390
001093,45.117419,7.309455
001048,44.971416,7.778698
001079,45.417886,7.655795
001004,45.432959,7.950621
001068,45.121620,7.815946
001042,45.481160,7.933920
001051,44.959244,7.601722
001063,45.177490,7.646367
001043,45.329439,7.655732
001059,44.846947,7.717874
001001,45.367055,7.766918
001022,45.078339,6.703205
001071,44.861291,7.501270
001049,44.803249,7.323898
001052,45.373987,7.596127
001083,45.329915,7.759493
001077,45.498860,7.902619
001072,45.313377,7.389688
001035,44.823409,7.305296
001002,44.917042,7.484321
001040,45.142226,7.195648
001007,45.408916,7.578978
001074,44.952443,6.790673
001034,45.176607,7.838004
001076,45.148629,7.169445
001019,45.302505,7.215432
001080,45.119542,6.985306
001006,45.116876,7.394550
001094,45.313499,7.532087
069046,42.231211,14.390469
001027,45.470859,7.942020
001081,45.103913,7.326972
001031,45.363257,7.987523
001284,45.155150,7.445020
001021,45.291252,7.630317
001090,45.077547,7.572426
001045,45.068804,7.434488
001061,45.480159,7.905619
001092,45.431887,7.799592
001008,45.095724,7.525403
001091,45.422755,7.680040
011015,44.108044,9.828881
001016,45.275323,7.520282
001037,45.117437,8.073603
001025,44.798937,7.288219
001028,45.152145,7.657973
001067,45.438156,7.694615
001095,45.387758,7.991523
055011,42.863352,12.012974
001060,45.130451,7.940426
001085,45.094610,7.923964
001075,45.363669,7.341471
001084,45.428556,7.688115
001087,44.938799,6.750294
001041,44.873640,7.410320
001066,45.381955,7.712117
001038,45.021152,7.468551
001065,44.898142,7.566123
001086,45.235277,7.600308
001053,44.945941,7.330317
036040,44.551667,10.785556
001047,45.304955,7.895722
001011,44.843582,7.223816
001009,45.037748,7.870527
001032,45.122844,7.239712
001162,45.150900,8.016847
001164,44.995518,7.646618
001130,45.184582,7.713271
001158,45.065487,7.849601
001152,45.295129,7.394459
001157,45.205285,6.982500
001136,44.840941,7.635925
001137,45.441657,7.812718
001141,45.318401,7.766652
001111,44.837239,7.374420
001145,44.958515,7.056994
001191,44.887309,7.331945
001150,45.357182,7.882359
001166,45.243941,7.572993
001112,45.127113,7.824792
001146,45.255172,7.541984
001116,45.162248,7.496416
001131,45.228199,7.292045
001149,45.122043,7.064708
001160,45.490759,7.862818
001148,45.300255,7.932723
001133,45.318202,7.606187
001128,45.273351,7.477411
001197,44.920845,7.846928
001096,45.359435,7.815187
001179,45.430657,7.793217
001195,44.919442,7.426212
001156,45.000461,7.684754
001144,45.058032,7.874623
001194,44.990555,7.463704
001102,45.303853,7.744719
001176,45.349290,7.742524
001147,45.118143,7.115109
001122,44.945640,7.218414
001143,45.346657,8.013324
001104,45.216871,7.522685
001196,45.446259,8.005722
001153,45.045749,7.920827
001113,45.263872,7.469483
001169,45.189640,7.015498
001163,45.037649,7.940028
001172,45.329255,7.861721
001127,44.957744,7.667324
001109,45.280852,7.663618
001129,45.158252,7.991627
001159,45.337455,7.838820
001099,45.134748,7.576618
001193,44.932943,7.610123
001171,45.007263,7.536919
001115,45.042005,7.351994
001183,45.016883,7.749949
001100,45.097383,6.929065
001181,45.437559,7.851715
001170,45.342554,7.693717
001123,44.906727,7.910151
001120,45.068046,7.577620
001135,45.235228,7.736552
001190,44.942640,7.229115
001139,44.815437,7.251318
001175,45.033052,6.832510
001186,44.938264,7.114644
001188,45.289093,7.404162
001097,44.979742,7.376717
001098,45.389720,7.649817
001177,45.459259,7.978921
001105,45.467758,7.833718
001155,45.301873,7.439681
001132,45.478258,7.814717
001140,44.803137,7.246718
001167,45.536160,7.860317
001117,45.125342,7.017507
001125,45.467379,7.874797
001119,45.257502,7.557907
001173,44.849368,7.343243
001134,45.417654,7.458814
001114,45.140239,7.014756
001107,45.345353,7.591015
001192,45.039547,7.777125
001161,45.233553,7.853323
001142,44.851139,7.398020
001101,45.331154,7.690617
001189,45.105847,7.543418
001106,45.271272,7.822265
001124,45.446934,7.752122
001121,45.466468,7.570917
001185,45.397057,7.830819
001165,45.453972,7.314554
001103,45.036095,7.049562
001154,45.142043,7.064609
001110,44.932944,7.350218
001184,44.957440,7.190914
001108,45.437142,7.606743
001126,45.180281,7.516213
001168,44.933143,7.540121
001178,44.833441,7.585924
001118,45.368497,7.258777
001180,45.072466,7.834671
001174,44.871442,7.608024
001187,45.356788,7.638501
076090,40.700000,16.016667
010025,44.407186,8.933983
041067,43.725239,12.637200
055007,42.670228,12.216255
013075,45.810250,9.086139
022216,46.044360,11.277380
065116,40.680556,14.759444
069053,41.967982,14.326558
055005,42.582836,12.769158
022205,46.066667,11.116667
055009,42.707813,11.979594
108033,45.583611,9.273611
082079,38.083333,13.450000
016024,45.695000,9.670000
007003,45.737222,7.320556
028060,45.407778,11.873333
034027,44.801472,10.328000
066049,42.354008,13.391992
072006,41.125278,16.866667
055023,42.718200,12.108269
069103,41.966667,14.366667
023091,45.438611,10.992778
037006,44.493889,11.342778
055006,42.514919,12.289395
004078,44.383333,7.550000
001272,45.079167,7.676111
069009,41.983333,14.333333
018025,44.983333,9.166667
024116,45.550000,11.550000
048017,43.771389,11.254167
025006,46.140831,12.215561
082082,37.751944,14.074167
015046,45.566667,8.933333
067037,42.683333,14.016667
087015,37.502669,15.087269
042002,43.616667,13.516667
025021,46.016667,11.900000
082076,37.750000,13.833333
022112,46.141490,10.773500
017029,45.538889,10.220281
055010,42.755522,12.001580
079023,38.910000,16.587500
055002,42.811518,11.973800
030129,46.066667,13.233333
027042,45.439722,12.331944
036023,44.645820,10.925720
018125,44.950000,9.250000
097042,45.853340,9.390480
055001,42.690386,12.546223
005005,44.900000,8.206944
068028,42.464278,14.214189
098031,45.316667,9.500000
093033,45.962600,12.656300
058091,41.893056,12.482778
018172,45.162222,8.735556
012133,45.816667,8.833333
055004,42.558862,12.411985
006003,44.913331,8.620000
018178,45.083333,8.783333
092009,39.214886,9.109522
028032,45.648611,11.783611
055008,42.401432,12.567585
063024,40.694722,14.480278
020030,45.156389,10.791111
069104,41.950052,14.324687
003106,45.450000,8.620000
022164,46.195600,11.944200
070006,41.561000,14.668400
018110,45.185281,9.155000
012026,45.611958,8.851800
035032,44.916667,10.816667
032006,45.650278,13.770278
055033,42.655409,12.428481
019036,45.133333,10.024722
054039,43.111918,12.388548
053011,42.772222,11.108889
026086,45.665833,12.245556
082053,38.115658,13.361262
040007,44.133333,12.233333
069077,41.915782,14.372797
014061,46.169719,9.870000
049009,43.550000,10.316667
018183,44.953611,9.297500
082063,37.936080,13.177808
063049,40.835833,14.248611
076063,40.633333,15.800000
002158,45.326150,8.423410
069052,41.950000,14.383333
082003,37.864439,13.781389
103072,45.922778,8.551944
052032,43.318333,11.331389
055003,42.587900,12.295587
031007,45.935200,13.619300
044007,42.854722,13.575278
015146,45.466944,9.190000
048014,43.716667,10.950000
029041,45.080900,11.794000
021008,46.498113,11.354780
101010,39.083333,17.116667
061022,41.066667,14.333333
076012,40.766667,15.533333
076070,39.954275,16.039764
076027,40.050000,16.350000
076054,40.066667,15.800000
077028,40.616667,16.150000
076052,40.300000,15.983333
076056,40.766667,15.983333
076005,40.300000,16.066667
076003,40.583333,16.033333
076020,40.033333,16.333333
076013,40.478611,15.630000
077025,40.116667,16.383333
076059,40.633333,15.633333
076068,40.078210,15.757980
076072,40.847222,15.540000
076044,39.992778,15.716667
076082,40.483333,15.683333
076062,40.566667,15.783333
076008,40.650000,15.516667
076030,40.074810,16.098180
076071,40.716667,15.683333
076055,40.083333,16.333333
076099,40.933333,15.733333
076089,40.583333,15.683333
076036,40.850000,16.033333
076015,40.483333,15.850000
076100,40.375070,15.735100
076083,40.545000,15.639167
076038,40.366667,16.100000
076043,41.050000,15.800000
076075,40.033333,16.300000
076073,40.683333,16.083333
077026,40.483333,16.250000
076067,40.912778,15.725556
076037,40.283889,15.889722
076049,40.283333,16.166667
076034,40.083333,16.200000
076021,40.783333,15.433333
076051,41.033333,15.966667
076047,40.916667,15.833333
076033,40.866667,15.850000
076078,40.016667,16.133333
076081,40.223040,15.909783
076040,40.090000,16.010833
076065,40.850000,15.500000
076077,40.233333,16.050000
076079,40.546944,15.557500
076074,40.190720,16.076350
077023,40.166667,16.516667
076014,40.616667,15.933333
076001,40.516667,15.783333
076007,40.733333,15.716667
076032,40.816667,15.700000
076087,40.127778,16.155278
077022,40.516667,16.550000
076029,40.383333,16.050000
076009,40.866667,16.016667
076069,40.216667,16.200000
076026,40.183333,16.183333
076016,40.150000,16.150000
076057,40.932222,15.981389
076004,40.516667,15.916667
076019,40.133333,16.083333
076076,40.816470,15.540430
077031,40.250000,16.700000
076053,40.750000,15.483333
076006,40.866667,15.650000
076031,40.116667,16.166667
077029,40.250000,16.466667
076046,40.374444,15.826111
076035,40.283333,16.133333
076011,40.950000,15.666667
076041,40.450000,15.966667
076024,40.533333,16.050000
076002,40.800000,15.950000
076039,40.133333,15.766667
076086,40.266667,15.966667
076060,40.750000,15.883333
077030,40.166667,16.450000
076028,40.116667,16.216667
076084,40.566667,15.550000
076010,40.679764,15.593819
076018,40.730680,15.924700
076058,40.836111,15.398806
076017,40.565900,16.072500
076042,40.047222,15.835833
076064,40.988670,15.695882
076022,40.000000,15.983333
076023,40.016667,15.983333
076050,40.240000,15.860000
076045,40.416667,15.733333
076088,39.983333,16.300000
076080,40.248520,16.270460
076066,40.916667,15.666667
077024,40.533333,16.316667
076061,40.516667,16.066667
077027,40.400000,16.233333
076085,40.133333,16.283333
076025,40.166667,15.983333
024029,45.550000,11.283333
026095,45.600000,12.166667
024113,45.750000,11.266667
023001,45.550000,10.766667
026059,45.723851,12.194218
024037,45.619167,11.226111
024047,45.516667,11.666667
026019,45.866667,12.433333
023024,45.483333,11.200000
026041,45.800000,12.616667
026072,45.922190,12.361370
024065,45.433333,11.666667
024086,45.773333,11.777778
023013,45.661120,10.893630
024088,45.706667,11.806944
024112,45.883333,11.366667
024072,45.566667,11.283333
024061,45.503690,11.412000
024083,45.566667,11.616667
023029,45.207290,11.138500
023004,45.358333,11.286111
026040,45.750000,12.316667
024121,45.433333,11.500000
026052,45.780278,12.419722
024035,45.583333,11.483333
024021,45.516667,11.716667
026091,45.733333,12.233333
026066,45.633333,11.950000
023021,45.350000,10.950000
024014,45.700000,11.566667
024106,45.850000,11.350000
023017,45.403671,11.175459
024013,45.600000,11.616667
024064,45.450000,11.683333
026045,45.831700,11.921300
026057,45.883333,12.166667
023030,45.585660,10.739970
023028,45.434630,11.186700
024022,45.333333,11.533333
024081,45.800000,11.733333
026082,45.783333,12.250000
024120,45.476822,11.375327
024020,45.766667,11.516667
026047,45.633200,12.086700
024030,45.760568,11.472352
024040,45.733333,11.550000
024003,45.366667,11.433333
024087,45.716667,11.766667
024075,45.350000,11.466667
026036,45.733333,11.866667
023002,45.316667,11.266667
024122,45.730860,11.503154
026094,45.683333,12.500000
024063,45.666667,11.366667
026058,45.716667,12.466667
026020,45.950000,12.350000
026056,45.873889,11.947500
023020,45.120755,11.410750
026067,46.001033,12.225549
024070,45.783333,11.816667
024079,45.290390,11.502500
024050,45.915556,11.271389
024046,45.483333,11.700000
024094,45.583333,11.250000
024062,45.665781,11.563302
024068,45.483333,11.366667
024016,45.650000,11.633333
026037,45.823200,12.535600
024010,45.300000,11.450000
024025,45.716667,11.700000
024104,45.686178,11.704184
026053,45.933333,12.416667
024115,45.789300,11.368700
024043,45.462510,11.339840
024017,45.583333,11.366667
026032,45.800000,12.166667
026077,45.783333,11.833333
026089,45.683333,12.016667
026063,45.600000,12.233333
024041,45.900000,11.633333
023003,45.216667,11.283333
024028,45.583333,11.400000
026035,45.683333,12.100000
026042,45.950000,12.100000
026064,45.650000,12.166667
023010,45.216667,11.366667
026074,45.790556,12.394722
023018,45.600000,10.800000
023009,45.250000,11.283333
026033,45.928590,12.396870
024060,45.450000,11.383333
024074,45.283333,11.533333
026088,45.833333,12.383333
026048,45.866667,12.100000
024024,45.748798,11.457793
023007,45.379623,11.208976
024082,45.649444,11.674444
026044,45.650000,12.433333
024015,45.466667,11.450000
023005,45.566667,11.150000
086005,37.583333,14.266667
086015,37.400000,14.133333
062074,41.216667,14.533333
086013,37.650000,14.450000
061011,41.183333,14.216667
061029,40.960334,14.230109
062077,41.183333,14.650000
044073,42.881919,13.494361
044056,42.899900,13.458700
061024,41.183333,14.283333
061019,41.010833,14.131944
086004,37.366667,14.200000
061102,41.200000,13.850000
062076,41.183333,14.683333
044044,42.899167,13.333889
044031,42.897869,13.793981
061012,41.073400,14.025420
061013,41.044550,14.302322
062062,41.250000,14.616667
086008,37.816667,14.500000
044064,42.847798,13.483360
044001,42.769200,13.409450
044023,42.989100,13.868069
044012,42.938139,13.621944
061015,41.105556,14.213889
061017,41.183333,13.983333
044034,42.970669,13.587000
061032,41.076160,14.280390
044011,42.869553,13.713300
061101,41.166667,13.950000
062071,41.066667,14.800000
044005,42.899058,13.665989
044065,42.954569,13.560950
061003,41.250000,14.333333
062075,41.133333,14.633333
044014,42.878050,13.748200
061103,40.991550,14.142698
061031,41.333333,13.983333
062067,41.066667,14.816667
061033,41.266667,14.300000
062078,41.150000,14.933333
044020,42.821000,13.632950
061002,41.333333,14.333333
044017,43.024919,13.858889
061023,41.183333,14.450000
061007,41.166667,14.233333
062072,41.366667,14.666667
061027,41.050000,13.916667
062065,41.066667,14.833333
086011,37.650000,14.400000
061016,40.983333,14.216667
061020,41.001960,14.198340
086010,37.716667,14.533333
061009,41.183333,14.366667
086002,37.416667,14.450000
044021,42.963331,13.491031
062069,41.383333,14.716667
044027,42.831600,13.687139
061010,41.218889,14.129167
061028,41.050000,14.416667
086016,37.650000,14.633333
086017,37.766667,14.350000
086012,37.750000,14.400000
044029,43.050889,13.797311
062068,41.233333,14.500000
044015,42.957244,13.414569
086014,37.383333,14.366667
044038,42.842111,13.332783
044006,42.772565,13.296643
044054,42.935350,13.692000
061001,41.383333,14.200000
086006,37.566667,14.683333
044013,42.898347,13.727569
086020,37.583333,14.166667
044036,43.051661,13.751411
062070,41.089320,14.497430
061030,41.450000,14.166667
086019,37.500000,14.383333
061006,41.300000,14.250000
062064,41.310833,14.880556
044045,42.920256,13.835519
086018,37.783333,14.600000
044002,42.944711,13.813550
062063,41.266667,14.633333
061004,41.027340,14.497700
061026,41.116667,14.350000
086001,37.650000,14.516667
086003,37.633333,14.416667
061014,41.467778,14.146667
044010,43.032183,13.683731
044032,42.987253,13.606853
044063,43.000217,13.762492
044071,42.888658,13.773069
062073,41.183333,14.550000
086007,37.623276,14.739489
062066,41.052739,14.859886
061018,41.075700,14.308600
061021,41.081348,14.291506
061025,41.393814,14.422959
044016,42.983989,13.688081
028059,45.223056,11.611111
028052,45.183333,11.533333
002088,45.366667,8.316667
002142,45.231111,8.454722
028012,45.107700,11.782550
002137,45.683333,8.316667
026014,45.866667,11.900000
008055,43.817500,7.775000
026016,45.730041,12.581279
026001,45.750000,11.950000
002150,45.350000,8.166667
088002,37.033333,14.700000
002133,45.366667,8.166667
002134,45.791852,8.112990
028027,45.183333,11.466667
002096,45.770150,8.080970
028053,45.166667,11.433333
028046,45.600000,11.950000
026003,45.800000,11.916667
002148,45.195278,8.296111
002097,45.766667,8.050000
088006,36.867222,14.761389
029050,45.066667,11.650000
088004,37.050000,14.800000
002135,45.766667,8.100000
002118,45.250000,8.283333
002163,45.433333,8.333333
002107,45.757869,8.265721
088008,36.730280,14.846720
028061,45.266667,11.783333
028028,45.316667,11.916667
026013,45.700000,11.883333
026002,45.779523,12.223661
076048,40.996389,15.655833
002126,45.317356,8.285632
088003,36.950000,14.600000
088005,36.785278,14.906944
088001,37.025286,14.492464
026017,45.783333,12.366667
026004,45.816667,11.800000
026008,45.683333,12.283333
002090,45.183333,8.233333
028104,45.488900,11.974710
028070,45.200000,11.783333
028066,45.309392,11.956012
028058,45.414302,11.951004
002035,45.500000,8.333333
028088,45.133333,11.750000
026009,45.598800,12.324300
029046,45.000000,12.216667
002166,45.833333,8.200000
002113,45.900000,8.183333
002147,45.233333,8.333333
028013,45.533561,11.965879
088007,37.073971,14.732830
088012,36.950000,14.533333
002102,45.716667,8.233333
037046,44.450000,11.483333
002156,45.813830,8.258140
012108,45.633333,8.883333
026012,45.666667,11.933333
026011,45.833333,11.883333
002115,45.216667,8.416667
028010,45.102980,11.704530
002122,45.533333,8.316667
002093,45.261959,8.482279
028079,45.250000,11.816667
026015,45.716667,12.616667
002116,45.597533,8.290208
026010,45.643611,12.295278
029035,45.135250,11.989361
028067,45.200000,11.583333
002089,45.400000,8.383333
028026,45.266667,11.866667
002121,45.854649,8.121654
002091,45.233333,8.416667
002104,45.282293,8.478118
002110,45.766667,8.016667
026018,45.970278,12.143056
002152,45.733333,8.333333
002131,45.350000,8.250000
028077,45.655700,11.859400
028021,45.216667,11.966667
002164,45.387762,8.432632
002128,45.233333,8.016667
026007,45.966667,12.366667
028038,45.637629,11.752198
029038,45.016667,11.816667
028035,45.233333,12.066667
002127,45.306806,8.314651
028065,45.297692,12.036814
088010,36.827222,14.523889
026005,45.724547,12.331021
088011,36.791378,14.702486
002108,45.383333,8.366667
082006,38.083333,13.500000
028102,45.166667,11.666667
026061,45.850000,11.883333
029039,44.950000,12.316667
026006,45.785278,12.004167
025037,46.395556,12.356389
012078,45.666211,8.904420
012121,45.716667,8.816667
018179,45.166667,9.033333
108042,45.637395,9.424927
018085,45.216667,9.333333
012021,45.888265,8.790127
012038,45.832732,8.771173
018040,45.250000,8.616667
012075,45.640556,9.001944
018064,44.916667,9.183333
014023,46.150000,9.733333
018174,45.039515,9.108786
012085,45.700000,8.800000
018015,45.233333,9.133333
108043,45.666667,9.266667
108041,45.650000,9.266667
014032,46.283333,9.366667
018051,44.966667,9.050000
108006,45.616667,9.416667
014069,46.150000,9.516667
014077,46.333333,9.483333
018067,45.033333,8.766667
014016,46.150000,9.766667
018038,45.066667,9.100000
108020,45.645511,9.088034
012056,45.990278,8.804167
018165,45.283333,9.033333
018159,45.216667,9.083333
014010,46.183333,9.683333
018031,45.100000,9.216667
012029,45.683333,8.866667
108013,45.600000,9.383333
018103,45.283333,8.666667
018104,45.212500,8.716667
018012,45.271748,9.063647
018027,45.183333,8.600000
018053,45.200000,9.316667
108017,45.584722,9.415833
012060,45.933333,8.800000
014014,46.150000,10.016667
012140,45.633333,8.700000
012016,45.783333,8.750000
014036,46.269400,9.870200
012113,45.900000,8.900000
012062,45.905900,8.734300
025067,46.259697,11.978129
014064,46.116667,9.683333
012004,45.855271,8.867584
014073,46.462599,10.411786
018094,44.983333,9.216667
014058,46.333333,9.366667
012087,45.908880,8.620360
018181,45.208821,9.308986
012068,45.620278,8.763611
108053,45.650000,9.466667
018045,45.200000,8.766667
014067,46.233333,9.850000
012079,45.649234,8.915462
012067,45.666667,8.866667
108047,45.733333,9.266667
012059,45.947700,8.821600
012090,45.600000,8.750000
012137,45.750000,8.900000
012091,45.774815,8.861447
014041,46.150000,9.550000
014059,46.224795,10.212465
012064,45.778403,8.771828
014026,46.133333,9.466667
014050,46.330700,9.421700
014012,46.405100,9.353000
018071,45.200000,9.366667
108009,45.630556,9.274444
012020,45.983333,8.716667
014007,46.166667,9.750000
012033,45.716667,8.833333
018018,45.242294,8.931870
018149,45.033333,8.950000
025035,46.329167,12.324167
014075,46.200000,9.450000
012063,45.900000,8.733333
108038,45.666667,9.400000
108032,45.666667,9.083333
012053,45.863550,8.703035
108021,45.589675,9.335948
012043,45.893889,8.756944
018039,45.233333,8.683333
018068,45.258611,8.864722
014052,46.183333,9.983333
018112,45.102917,8.963952
018078,45.316667,9.266667
012030,45.819650,8.894670
018185,45.266667,9.200000
108011,45.716667,9.233333
018160,45.283333,9.300000
108005,45.656611,9.130000
012101,45.750000,8.666667
012110,45.883333,8.716667
012012,45.700000,8.766667
012017,45.833333,8.650000
062049,41.200000,14.666667
062040,41.083333,14.550000
062022,41.050000,14.766667
062020,41.450000,14.933333
062047,41.010833,14.702778
062034,41.246667,14.763333
062033,41.255833,14.781667
023072,45.182944,11.151528
062061,41.276944,14.542500
062005,41.033333,14.550000
064095,40.900000,14.866667
064112,41.050000,15.233333
062058,41.066667,14.850000
064115,41.066667,15.250000
062048,41.033333,14.583333
064108,40.852222,15.253889
064106,40.883333,14.633333
064092,40.933333,15.183333
064109,40.933333,15.116667
062006,41.025544,14.752063
062051,41.347500,14.544167
062014,41.133333,14.650000
062028,41.062860,14.449470
062001,41.058710,14.559240
062042,41.316667,15.016667
062035,41.150000,14.533333
064107,41.015186,14.963560
023095,45.158340,11.353110
062023,41.285278,14.559722
062013,41.283333,14.733333
062007,41.400000,14.966667
062036,41.279444,15.042222
062010,41.077560,14.568980
062026,41.338889,14.508611
062002,41.200000,14.466667
062018,41.150000,14.700000
062029,41.283333,14.483333
062031,41.350000,14.983333
062060,41.083333,14.766667
027008,45.218910,12.278540
064104,41.019944,15.111389
062056,41.283333,14.816667
062039,41.166667,14.500000
062059,41.266667,14.916667
062019,41.233333,14.550000
023057,45.500000,10.800000
062011,41.216667,14.983333
064116,41.050000,14.916667
062046,41.250000,14.866667
062053,41.216667,14.700000
062044,41.342690,14.668890
064102,40.916667,14.883333
064093,41.022778,14.848056
064097,41.088666,15.321378
064111,41.035000,14.813333
064091,40.976389,14.740278
062021,41.150000,14.633333
023046,45.550000,10.916667
062045,41.166667,14.883333
062004,41.100000,14.700000
062027,41.133333,14.450000
090065,40.852222,8.816389
064110,41.030532,14.918476
062050,41.233333,14.816667
064098,40.741667,15.204167
062043,41.066667,14.633333
062037,41.250000,14.600000
062057,41.416667,15.016667
062012,41.066667,14.866667
062038,41.133977,14.396024
064103,40.953500,14.606111
064101,40.833333,14.850000
064100,40.950000,14.633333
062032,41.031440,14.535730
062030,41.160060,14.671790
062025,41.366667,14.833333
062016,41.300000,15.083333
062041,41.300000,14.916667
062009,41.066667,14.616667
064120,41.126389,15.204444
062024,41.350000,14.816667
062017,41.400000,14.800000
064090,41.007650,14.994267
064117,40.966667,15.083333
062054,41.283333,14.683333
064113,41.012620,14.817840
062015,41.266667,14.700000
064119,40.883333,14.916667
062003,41.116667,14.933333
064118,41.116667,15.166667
062055,41.216667,14.450000
064089,40.850000,15.366667
064114,41.033333,15.250000
064099,40.850000,14.875000
027010,45.178629,12.074631
064105,40.950000,14.750000
064088,40.874091,14.879764
062052,41.200000,14.850000
064087,41.066667,15.200000
064096,41.233333,15.183333
029028,44.983333,11.800000
028007,45.273056,12.046667
028039,45.666667,11.833333
029006,45.066667,11.250000
029014,45.016667,11.366667
028048,45.316667,11.866667
029032,45.063185,11.198458
028004,45.150000,11.883333
028075,45.541900,11.895000
028068,45.250000,12.016667
028011,45.289370,11.779590
029025,44.950000,11.483333
028101,45.583333,11.866667
028009,45.250000,11.683333
028087,45.175271,11.751108
028069,45.366667,11.933333
028002,45.166667,11.966667
028097,45.133333,11.716667
029036,45.000000,11.616667
028073,45.400000,11.750000
028054,45.452155,11.744729
028064,45.606700,11.997900
028078,45.610200,11.677900
028096,45.450000,11.716667
029031,45.100000,11.666667
029051,45.000000,11.966667
028094,45.216667,11.833333
029029,45.085000,11.600556
029012,45.016667,11.316667
028020,45.550000,11.816667
028091,45.646944,11.828056
028090,45.250000,11.900000
028086,45.389770,11.785870
028045,45.466667,11.850000
028106,45.283333,11.833333
028050,45.556389,12.007222
028041,45.582222,11.706389
028063,45.533333,11.766667
028037,45.233333,11.666667
029001,45.050000,12.050000
028030,45.403056,11.692222
028062,45.133333,11.550000
029013,45.033333,11.283333
028008,45.183333,11.883333
029042,44.983309,11.426835
028047,45.287274,11.610620
029052,45.016667,12.216667
029044,45.133333,11.866667
028089,45.350000,11.666667
028093,45.583333,12.050000
028033,45.267250,12.101420
028056,45.233321,11.465778
029033,44.921600,11.581200
028003,45.350000,11.866667
028055,45.233333,11.750000
029005,45.016667,11.500000
028017,45.500000,11.916667
029022,44.966667,11.600000
029018,45.050000,11.700000
028005,45.266667,11.716667
028100,45.450000,11.983333
028031,45.283333,11.666667
028014,45.266667,11.933333
028095,45.183333,11.450000
029010,45.033333,11.516667
029027,45.066667,11.450000
028034,45.233333,11.866667
028071,45.379955,11.654579
028001,45.361900,11.792400
028018,45.483333,11.750000
028029,45.121944,11.451389
028080,45.566667,11.900000
028006,45.216667,11.916667
028103,45.484252,11.793991
028043,45.154188,11.719731
029049,45.016667,11.683333
029009,44.933333,11.666667
028016,45.450000,11.933333
028057,45.333333,11.783333
028036,45.521884,11.841288
028040,45.307980,11.731340
029047,45.033333,11.450000
029045,44.933333,11.550000
029034,44.983333,12.033333
029030,45.066667,12.200000
029021,44.950000,11.433333
029037,44.966667,11.750000
028042,45.600000,11.733333
028105,45.333333,11.633333
029008,45.000000,11.350000
029007,45.000000,11.766667
028023,45.633333,11.700000
028076,45.583333,11.800000
028019,45.566667,11.933333
028044,45.345640,11.963920
028082,45.345556,12.007222
029004,45.094040,11.493440
029040,45.066667,12.233333
028099,45.481379,11.873772
028072,45.433333,11.783333
077019,40.533333,16.183333
075078,40.016667,18.366667
075057,40.147825,18.485933
075045,40.135109,18.277754
075075,40.150000,18.200000
045006,44.333333,9.933333
075080,40.216667,18.233333
077018,40.150000,16.533333
075077,39.938100,18.298400
077009,40.550000,16.233333
077004,40.583333,16.200000
077011,40.633333,16.283333
045004,44.200000,10.183333
075070,40.100000,18.066667
075054,40.033333,18.333333
077015,40.566667,16.500000
045015,44.233333,9.950000
045013,44.200000,9.950000
075066,39.858942,18.256523
075049,39.975786,18.322611
075071,40.300000,18.116667
077006,40.183333,16.433333
075092,40.333333,17.966667
077016,40.283333,16.566667
045011,44.016667,10.166667
075097,40.263333,17.901111
075051,40.100000,18.333333
077001,40.492500,16.157500
045012,44.316944,9.890556
045016,44.295556,9.950000
077008,40.500000,16.450000
045008,44.133333,10.016667
075034,40.400000,17.950000
075036,40.300000,18.133333
075040,40.200000,18.300000
075043,40.266667,18.333333
075038,40.304750,18.222830
075048,40.333333,18.100000
045007,44.233333,10.116667
075055,40.383333,18.050000
077021,40.200000,16.666667
075031,40.055556,17.991667
075061,40.050000,18.383333
077005,40.400000,16.166667
075042,40.033333,18.133333
075060,39.827076,18.316974
075033,40.121524,18.432732
075088,39.933333,18.366667
075073,40.090180,18.299930
075079,40.433333,18.050000
037002,44.642500,11.348611
077020,40.383333,16.550000
075085,39.983333,18.083333
077010,40.400000,16.150000
077003,40.416667,16.683333
075065,40.383333,17.966667
077002,40.316667,16.233333
077007,40.378611,16.440000
075046,39.966667,18.316667
075084,39.956802,18.220010
077012,40.600000,16.383333
045009,44.266667,10.033333
075069,40.266667,18.183333
045017,44.350000,9.766667
075044,39.966667,18.133333
045005,44.283333,10.133333
075037,40.283333,18.083333
045002,44.314739,9.994656
075059,40.050000,18.133333
075041,40.238210,18.256020
075093,40.283333,18.300000
075052,40.179722,18.033333
077013,40.750000,16.233333
075089,40.073460,18.098720
045014,44.376111,9.879900
075053,40.100000,18.116667
075056,40.034444,18.393056
075090,39.933333,18.166667
075072,40.036323,18.456834
077017,40.550000,16.666667
075068,40.300000,18.166667
075064,39.983333,18.250000
075050,39.850000,18.316667
075058,40.133333,18.383333
075091,40.101724,18.449333
075081,40.016667,18.250000
075047,40.083354,18.413960
075094,40.200000,18.250000
075039,40.116667,18.300000
045001,44.216667,9.966667
075087,40.400000,18.066667
075076,40.187722,18.207361
075086,39.900000,18.366667
075082,40.033333,18.350000
075067,40.083333,18.350000
075063,39.966667,18.100000
075083,40.400000,18.133333
075095,40.056310,18.333920
075032,40.100000,18.366667
075074,40.133333,18.100000
096074,45.606060,8.140931
004009,44.766667,7.316667
096047,45.529060,8.050995
096019,45.714001,8.159857
096064,45.652854,8.269701
096008,45.631667,8.099444
004019,44.545278,7.833056
004011,44.716667,8.083333
096040,45.551000,8.022100
096059,45.512715,8.076270
096066,45.669309,8.013837
096076,45.508240,8.115140
096065,45.616400,8.168200
004013,44.616667,7.933333
096077,45.561667,8.111667
096012,45.547778,8.106944
096050,45.683333,8.216667
096026,45.532432,8.081768
096048,45.674761,8.179458
096031,45.487676,8.162539
004016,44.366667,7.650000
096014,45.615000,8.192222
096082,45.492939,7.997202
096079,45.481700,8.194200
096009,45.644722,8.100000
096081,45.450762,8.040143
096080,45.424722,8.054444
096069,45.498380,7.953648
004010,44.758750,7.914900
096063,45.574400,7.974500
096057,45.508527,7.954102
096007,45.590000,8.252222
096004,45.566389,8.053333
096072,45.648604,8.113356
096039,45.537500,7.947222
004053,44.416667,7.216667
096005,45.653489,8.078544
004008,44.304120,8.045220
004004,44.600000,8.066667
096021,45.686000,8.246700
096067,45.589455,8.116769
004022,44.383333,7.433333
096023,45.627222,8.236111
096086,45.665821,7.990609
004020,44.633333,8.100000
096046,45.580700,8.007000
108030,45.666667,9.166667
004001,44.483333,6.983333
080063,38.114439,15.650000
096068,45.583333,8.050000
004005,44.116667,8.000000
096028,45.558562,7.978019
004012,44.733333,7.316667
096049,45.592148,8.037924
096037,45.505000,8.206700
096043,45.620519,8.113438
004006,44.396300,6.937830
004014,44.450000,7.900000
004172,44.616667,7.033333
004003,44.691542,8.025636
096054,45.421389,8.070556
096015,45.518232,8.240358
096024,45.528200,7.907800
096041,45.566000,8.002400
096033,45.625156,8.188683
096044,45.700000,7.950000
096027,45.494605,8.234635
096018,45.466667,8.066667
096020,45.560381,8.185153
004083,44.533333,7.083333
096032,45.595278,8.221944
096025,45.426946,8.119398
004017,44.583333,7.033333
096002,45.610200,8.053800
096034,45.618611,8.043611
004021,44.550937,8.177356
096035,45.516667,8.000000
096010,45.544813,7.999595
096013,45.689000,8.215500
096038,45.561700,7.990000
096053,45.581667,8.098611
096083,45.593056,8.089444
096078,45.620500,8.280800
096055,45.676667,7.977222
004002,44.316667,7.216667
096058,45.450000,8.116667
096071,45.566783,8.134149
096085,45.586264,8.196444
096003,45.514722,8.127778
004007,44.583333,8.116667
096030,45.463360,8.003020
096006,45.500000,8.033333
096016,45.400000,8.083333
096056,45.616667,8.050000
096075,45.640565,8.114120
096042,45.612960,8.104070
004023,44.500000,8.016667
004018,44.500000,7.966667
004015,44.319830,8.010940
004227,44.350000,7.900000
004211,44.500371,7.724899
054031,42.651593,12.951839
054029,42.840381,12.352314
004198,44.715426,7.601276
004217,44.683333,7.566667
004201,44.416667,8.166667
054041,43.442293,12.436764
054045,42.732987,12.835709
004222,44.766667,7.783333
054030,42.893762,12.652382
054047,42.712529,12.831070
004233,44.283333,7.400000
054059,43.058960,12.754583
054021,42.833729,12.578094
004249,44.283333,7.966667
054023,43.230929,12.784801
054058,42.769719,12.862349
004224,44.500000,7.133333
003012,45.575970,8.514030
054052,42.782004,12.406926
003006,45.816667,8.450000
004226,44.566667,8.150000
004245,44.350000,7.766667
054033,43.363941,12.326923
004246,44.730833,7.575278
054042,42.711714,12.934768
054032,43.436803,12.162676
004207,44.488333,7.257500
054054,42.877453,12.747751
004228,44.729501,7.529885
004212,44.700000,7.933333
004230,44.689222,8.086972
004240,44.600000,7.483333
004229,44.433333,8.033333
054026,43.142764,12.205273
054037,43.029406,12.100035
054024,43.353007,12.579288
004243,44.363640,7.472080
054055,43.208779,12.071635
004220,44.600000,8.016667
004215,44.650000,7.633333
004234,44.416667,7.383333
004205,44.583333,7.183333
004244,44.550000,7.533333
004238,44.666667,7.933333
003001,45.676389,8.552222
054050,42.992112,12.671063
054049,43.331579,12.740931
003002,45.783333,8.433333
004248,44.300000,7.166667
054044,43.548452,12.176529
004206,44.500000,8.050000
004197,44.533333,7.433333
004210,44.383333,7.900000
054048,42.888964,12.927178
004221,44.533333,8.000000
004204,44.333333,7.083333
054018,42.955761,12.703281
054053,43.025631,12.433977
003016,45.550737,8.649771
054020,42.857553,12.366562
004218,44.616667,8.000000
004209,44.650000,7.316667
054022,42.909208,12.556146
004213,44.700000,8.233333
004216,44.333333,7.983333
004225,44.500000,7.550000
004237,44.566667,7.400000
004232,44.508277,7.757897
054056,43.306594,12.326957
054025,43.246567,12.143273
054035,42.792599,13.093177
004200,44.400033,8.078726
054040,42.970565,12.086041
054028,42.775593,12.523252
004196,44.628540,8.056838
054036,43.022343,12.070797
004241,44.766667,8.000000
054038,43.184842,12.136633
054043,42.879009,13.038986
054019,43.294700,12.761318
004203,44.645278,7.490556
054027,42.910771,12.337361
004214,44.783333,7.950000
004247,44.483333,7.383333
004208,44.750000,7.800000
004239,44.250000,7.533333
004199,44.400000,8.083333
054051,42.734410,12.738462
004235,44.333333,7.366667
004202,44.583333,7.800000
004223,44.750000,7.900000
004231,44.683333,8.100000
054034,43.111284,12.790092
054057,43.159424,12.601623
004242,44.366667,7.850000
004219,44.566667,8.066667
003008,45.756944,8.560000
004250,44.566667,7.583333
024056,45.700000,11.433333
027035,45.508900,12.036300
023098,45.343627,11.352305
024012,45.766667,11.734167
066002,42.081460,13.591130
013120,45.983005,9.102215
024099,45.700000,11.650000
013136,45.750000,9.216667
026022,45.950000,12.416667
024108,45.516667,11.616667
023016,45.342090,10.998590
013087,45.943782,9.099736
023035,45.543167,10.881778
027038,45.493060,12.160560
023011,45.616667,11.033333
027029,45.783333,12.833333
066003,41.735450,14.035000
023092,45.323056,11.324444
013083,46.087100,9.271500
024005,45.614722,11.250833
026029,45.783333,11.866667
024036,45.533333,11.483333
024039,45.933333,11.716667
023022,45.433333,10.766667
024080,45.783333,11.266667
024042,45.883333,11.550000
024019,45.766667,11.466667
026079,45.916667,11.950000
066005,41.854571,14.199007
027011,45.721680,12.837798
027024,45.492750,12.109880
023049,45.483333,11.250000
027025,45.617800,12.565000
013239,46.166667,9.333333
027002,45.350000,12.100000
027026,45.550120,12.070900
027003,45.330536,12.048314
023014,45.700000,10.766667
026078,45.977500,12.385278
026068,45.729900,11.920000
026080,45.883333,12.133333
026028,45.833333,12.466667
023019,45.170670,11.199360
023070,45.516667,11.233333
027032,45.533333,12.116667
026090,45.866667,12.033333
023026,45.566667,11.033333
023037,45.150000,11.083333
013233,46.070236,9.100897
026073,45.933333,12.250000
024049,45.823611,11.273056
027014,45.416667,12.033333
024091,45.666667,11.600000
023088,45.266667,10.916667
026030,46.000218,12.338962
026076,45.891389,12.338889
013207,46.083333,9.133333
013101,45.716667,9.133333
024048,45.633333,11.450000
027006,45.137014,12.081714
023015,45.466667,10.850000
024090,45.766667,11.566667
024085,45.876389,11.462778
027030,45.816667,12.733333
023075,45.250000,11.233333
026083,45.850000,12.250000
027031,45.578600,12.372700
023052,45.530440,10.938250
024118,45.650000,11.500000
026093,45.783333,12.116667
026034,45.783668,12.566907
066001,42.176770,13.717830
024009,45.866667,11.516667
024007,45.800000,11.350000
024002,45.357800,11.582800
027028,45.456090,12.030170
013217,45.878611,9.246944
027022,45.620300,12.455900
023043,45.505278,10.732500
024098,45.416667,11.400000
024089,45.866667,11.400000
013204,46.083333,9.150000
066004,41.994722,13.804722
027001,45.763624,12.701720
027004,45.383333,12.066667
024102,45.366667,11.516667
024097,45.700000,11.533333
024026,45.733333,11.783333
026081,45.654722,12.296667
024117,45.402477,11.533720
027017,45.383333,12.050000
024004,45.516400,11.459700
066006,42.030975,13.426372
024095,45.733333,11.383333
027021,45.546667,12.157500
024055,45.658194,11.404694
026046,45.775278,12.038889
024128,45.553600,11.433200
024006,45.500420,11.535340
023006,45.551667,10.721389
109012,43.067600,13.556100
109008,43.111031,13.600939
061068,41.266667,14.150000
061104,41.033333,14.333333
109013,43.137400,13.469100
061049,41.033333,14.300000
061048,41.033333,14.383333
061058,41.266667,14.183333
061044,41.450000,14.250000
109036,43.019650,13.496519
109007,43.190986,13.540414
061075,41.016667,14.483333
061079,41.446944,13.962500
061056,41.166667,14.333333
109032,43.101561,13.658200
061078,41.050000,14.333333
061097,41.078889,14.414722
061039,41.350000,13.950000
109020,43.018031,13.535350
061090,40.966667,14.250000
109031,43.067100,13.656050
061094,40.976227,14.177287
061057,41.366860,14.396674
109034,43.258639,13.758531
061087,40.957500,14.249167
061098,41.000000,14.166667
061065,41.383333,14.083333
109014,42.988219,13.458919
109010,43.138350,13.586561
061054,40.959881,14.164965
061095,41.333333,14.133333
061091,41.250000,14.066667
061085,41.075880,14.231050
061067,41.050000,14.300000
109005,43.107700,13.473300
061074,41.001045,14.131735
109028,43.085819,13.732053
109019,43.047419,13.528700
061100,41.166667,14.216667
061053,40.966667,14.266667
109011,43.150311,13.475589
061073,41.216667,14.416667
109027,43.062050,13.584719
061038,41.466667,14.216667
061040,41.200000,14.200000
109035,43.161111,13.592911
061062,41.050000,14.283333
109009,43.109767,13.772756
061081,41.099070,14.276592
109017,43.130700,13.537081
061084,41.074853,14.142162
061071,41.266667,14.216667
061034,41.450000,14.183333
061060,41.200000,14.166667
061086,41.366667,14.266667
061066,41.366667,14.250000
109025,43.049789,13.630319
109001,43.106839,13.794000
061082,41.033333,14.483333
061045,41.216667,14.283333
061059,41.333333,14.166667
109033,43.184850,13.795489
061063,41.433333,14.200000
061083,41.083333,14.250000
109004,43.079169,13.814531
061037,40.993263,14.177863
109037,43.229489,13.686125
061043,40.983333,14.233333
061077,40.987606,14.173795
109015,42.942639,13.341231
061046,40.969967,14.192652
061080,41.333333,14.400000
061047,41.066667,14.266667
061076,41.383333,14.366667
061035,41.216667,14.233333
109021,43.028389,13.580781
061092,41.000000,14.216667
061041,41.300000,14.450000
061069,41.374380,13.907115
061036,41.183333,14.050000
061064,41.400000,14.183333
109030,43.097369,13.840931
109002,42.980100,13.357500
061055,41.183333,14.200000
109022,43.085350,13.716800
061052,41.100000,13.883333
109023,43.192142,13.578581
061070,41.300000,13.983333
109016,43.091300,13.630800
061061,41.200000,14.250000
109003,43.091500,13.538881
109029,43.031489,13.607569
061042,41.083333,14.100000
109024,43.205961,13.672050
061051,41.400000,13.983333
061096,41.416667,14.250000
061089,41.183333,14.100000
109026,43.121869,13.484819
061088,41.233333,13.933333
030033,46.447931,13.315019
030063,46.116667,13.116667
030027,45.961425,12.977386
030026,46.090500,13.435000
030055,45.983333,13.383333
030065,46.200278,13.265000
030090,46.150000,13.233333
030039,46.050000,12.983333
030098,45.833333,13.400000
030056,45.766667,13.166667
030076,46.506531,13.306426
030007,46.183333,13.300000
030018,45.800000,13.183333
030084,46.400000,12.866667
030022,46.527270,12.989234
030082,45.756803,13.059668
030025,46.408334,13.309025
030048,45.950000,13.133333
030106,46.083333,13.066667
030077,45.850000,13.216667
030101,45.983333,13.400000
030052,46.233333,13.166667
030078,46.116667,13.283333
030058,46.050000,13.033333
030035,46.410902,12.878716
030071,46.530815,13.018207
030036,46.150000,13.350000
030019,46.166667,13.183333
030060,46.100000,13.383333
030086,46.173333,13.484444
030016,46.016667,13.166667
030089,46.434428,12.871113
030044,45.900000,13.233333
030099,46.150000,13.016667
030021,46.366667,13.033333
030074,46.000000,13.300000
030104,45.933611,13.290000
030011,45.933333,13.250000
030061,46.250000,13.183333
030032,46.083333,12.933333
030045,46.155540,13.569660
030046,45.783333,13.000000
030097,45.823637,13.006000
030072,46.050000,13.200000
030138,45.866667,13.383333
030030,45.983333,13.450000
030066,46.250000,13.083333
030029,46.515234,12.867804
030064,45.816667,13.133333
030043,46.274050,13.122370
030062,45.950000,13.166667
030091,46.083333,13.316667
030041,46.420227,12.585596
030069,45.800000,13.083333
030075,45.836389,13.101667
030042,46.400000,12.666667
030103,46.130000,13.487222
030085,46.045220,13.479210
030057,46.100000,13.133333
030088,46.522936,12.922115
030013,46.216667,13.133333
030010,45.945000,13.055278
030040,46.586831,12.776908
030014,46.016667,13.333333
030094,46.552831,12.852110
030015,45.927500,12.944722
030047,46.424042,12.933029
030051,46.266667,13.266667
030079,45.968056,13.196944
030020,45.900000,13.183333
030034,46.183889,13.636389
030095,46.133333,13.033333
030081,46.520306,12.797248
030059,46.409703,13.195143
030008,45.883333,13.283333
030070,45.900000,13.316667
030053,46.183333,13.066667
030093,46.373718,13.231267
030080,46.033333,13.300000
030087,46.173522,12.982420
030073,46.530346,13.116561
030031,46.100000,13.016667
030100,45.833333,13.200000
030102,46.118611,13.531389
030012,46.316667,13.100000
030023,45.823056,13.335000
030037,46.116667,13.083333
030024,45.926670,13.404170
030105,45.900000,13.366667
030083,46.066667,13.400000
030028,46.166667,13.133333
030137,46.216667,12.966667
030068,46.116667,13.183333
030092,46.373884,13.304364
030009,46.016667,13.100000
030049,45.655000,13.093056
030054,46.507035,13.439125
030067,46.482943,12.865389
003097,45.616667,8.600000
003023,45.316667,8.700000
003026,45.733333,8.450000
103011,46.083333,8.300000
003055,45.650000,8.516667
003062,45.733333,8.566667
003065,45.550000,8.466667
110006,41.100000,16.083333
003114,45.747171,8.509540
003066,45.650000,8.483333
003042,45.516667,8.500000
003130,45.633333,8.383333
003021,45.666667,8.533333
003084,45.833333,8.566667
003076,45.750000,8.433333
003153,45.600000,8.550000
003073,45.600000,8.416667
103002,45.983333,8.333333
003103,45.800000,8.533333
003109,45.749722,8.528333
003138,45.516667,8.433333
003025,45.683333,8.600000
110010,41.350000,16.100000
003077,45.366667,8.566667
003018,45.450000,8.466667
003039,45.483333,8.500000
103003,45.955278,8.584444
003133,45.778000,8.387987
103001,46.066667,8.116667
003044,45.600000,8.500000
003146,45.350000,8.716667
003112,45.800000,8.400000
003090,45.500000,8.466667
003122,45.650000,8.383333
003131,45.466667,8.716667
103005,46.000380,8.588220
003104,45.366667,8.666667
003082,45.750000,8.483333
003068,45.483333,8.700000
003022,45.764900,8.446000
103008,45.900000,8.500000
003019,45.683333,8.416667
003079,45.683333,8.333333
003116,45.830895,8.406299
003070,45.727571,8.409192
110007,41.300000,16.066667
003058,45.668927,8.457060
110008,40.966667,16.083333
003060,45.666667,8.600000
003154,45.666667,8.633333
003135,45.450000,8.550000
003043,45.716667,8.633333
103009,45.966667,8.583333
003120,45.759444,8.383333
003140,45.741111,8.410556
003091,45.633333,8.633333
003115,45.800000,8.383333
103007,45.984722,8.146111
003049,45.400000,8.783333
003032,45.500000,8.650000
003024,45.700000,8.466667
003052,45.716667,8.566667
003158,45.350000,8.666667
003100,45.583333,8.550000
003141,45.400000,8.716667
003093,45.816667,8.533333
103010,45.844429,8.577853
110005,41.366667,16.150000
003088,45.683333,8.433333
103013,45.845278,8.533611
003095,45.788773,8.538827
003045,45.616667,8.483333
103004,45.808333,8.357778
003027,45.551944,8.458611
003119,45.794167,8.512778
003139,45.583333,8.433333
003083,45.500000,8.416667
003041,45.400000,8.466667
003144,45.383333,8.700000
003159,45.483333,8.466667
103006,46.266667,8.316667
003143,45.633333,8.533333
003040,45.358362,8.523935
003030,45.516667,8.583333
003069,45.400000,8.666667
103014,46.003390,8.169089
003164,45.316667,8.516667
103012,46.126111,8.200000
003134,45.433333,8.416667
110004,41.216667,16.066667
003108,45.600000,8.633333
003149,45.433333,8.733333
003121,45.650000,8.633333
003051,45.790530,8.497370
003036,45.533333,8.433333
003037,45.433333,8.466667
003129,45.466667,8.433333
003047,45.662222,8.395556
110003,41.240933,16.502061
003098,45.800000,8.433333
066035,41.766389,13.943611
066012,42.024722,13.862222
066066,42.050430,13.991510
023097,45.372778,11.130278
066020,41.973611,13.400000
066096,42.064167,13.340000
066075,42.099167,13.874722
066061,41.777778,13.830000
066054,42.108333,13.395278
066073,42.320610,13.540360
066031,42.131111,13.728611
066016,42.558840,13.367990
023086,45.609440,10.687390
023074,45.566667,11.116667
066028,41.784222,14.108524
066051,41.961311,13.468508
066068,41.805000,13.789722
066044,42.292730,13.487790
066007,41.809820,13.559800
047011,43.882778,10.771111
066071,41.975556,13.959722
066021,42.520410,13.301220
066062,42.050278,13.039528
066014,42.327500,13.698056
066045,42.127500,13.700833
066065,42.138056,13.516944
066052,42.291944,13.338889
066069,42.026389,13.658889
047016,43.840833,10.747500
066033,42.061944,13.602500
066011,41.922222,13.758611
066083,41.934444,13.977778
023039,45.466667,11.183333
066008,42.451389,13.283056
066041,42.124722,13.842500
066034,41.886667,13.472500
066059,42.286160,13.475180
066029,41.990000,13.335278
066048,42.008333,13.899167
066095,42.373889,13.255833
066090,42.288389,13.524438
066040,42.222778,13.780278
066063,41.998333,13.728889
066027,42.116111,13.743611
066056,42.522778,13.248611
066009,42.325278,13.593333
065062,40.166667,15.400000
066058,42.237210,13.729610
066082,42.205833,13.520278
066022,42.251667,13.673889
066023,42.007500,13.280833
066097,42.153889,13.681667
066037,42.033889,13.775833
066026,42.365440,13.725920
066085,42.007600,13.623810
066030,42.312222,13.688056
066081,42.237222,13.490000
066013,42.458333,13.228889
066087,42.290556,13.556111
066017,41.941667,13.413333
066079,42.123889,13.888889
066050,41.934722,13.687778
066043,42.230556,13.606667
066055,42.150000,13.736389
066053,42.092500,13.364722
066046,41.958889,13.690833
066057,41.865278,13.457778
066070,41.887222,14.066389
066047,42.081667,13.775833
079122,38.718236,16.390234
066019,42.269444,13.766667
066084,41.846647,14.078528
023087,45.516667,11.166667
066010,41.756944,13.993333
066072,42.436030,13.298860
066018,42.005278,14.012778
066036,41.916944,13.427778
066091,42.342664,13.645967
079118,38.623611,16.529167
066025,42.098820,13.088560
066092,41.844520,13.535660
066039,41.887778,13.585833
066038,42.060000,13.626667
066060,42.326667,13.759722
066064,41.956111,13.646667
066015,42.011111,14.040278
066032,42.084306,13.547750
066074,42.278889,13.609167
066078,41.871111,14.067500
066042,42.254444,13.575278
066088,42.287222,13.658611
066094,41.748333,14.040278
066024,42.300278,13.685556
066067,42.060556,13.097444
066086,42.185278,13.771667
066076,42.060278,13.835556
066093,41.902642,13.879894
066089,42.104444,13.201389
066077,42.103333,13.815556
066080,42.027222,13.068611
063050,40.933333,14.533333
063037,40.733333,13.950000
063034,40.928346,14.201085
063022,40.698793,14.540358
063084,40.785278,14.395278
063070,40.841220,14.370830
043008,43.131700,13.265889
063081,40.816667,14.566667
063061,40.761100,14.019300
063059,40.819722,14.341111
063008,40.775000,14.475000
063014,40.555556,14.240278
063069,40.916667,14.550000
063001,40.950000,14.366667
063023,40.900000,14.300000
063046,40.641667,14.416667
030006,46.233333,13.150000
063090,40.716667,14.516667
063017,40.916667,14.350000
063004,40.551389,14.216667
063088,40.923800,14.582370
063006,40.800000,14.083333
063020,40.933333,14.250000
063091,40.766667,14.433333
063068,40.833333,14.500000
063012,40.908999,14.175137
043005,42.993400,13.228800
063052,40.866667,14.550000
063042,40.927996,14.432978
063073,40.943129,14.236799
109039,43.004361,13.445619
063019,40.750000,13.916667
063055,40.800000,14.550000
063072,40.866667,14.400000
063026,40.866667,14.350000
063016,40.936190,14.299250
109040,43.183969,13.611000
063029,40.950000,14.550000
063075,40.933333,14.483333
063002,40.916667,14.316667
063087,40.916667,14.200000
063080,40.627778,14.373611
063038,40.750000,13.883333
063013,40.950000,14.533333
063051,40.850000,14.477500
063005,40.915278,14.268056
063083,40.756944,14.444444
063033,40.955556,14.270833
017198,46.238889,10.398056
063065,40.966667,14.566667
063079,40.872500,14.436944
063086,40.666667,14.433333
063021,40.898144,14.276222
063041,40.897630,14.190370
063010,40.922370,14.423860
063045,40.916667,14.233333
063063,40.883333,14.133333
063082,40.800000,14.500000
063054,40.673611,14.512500
043007,43.133333,13.066667
063031,40.733333,13.850000
063028,40.946138,14.522042
063039,40.700000,14.550000
063043,40.933333,14.450000
063011,40.950000,14.300000
063044,40.616667,14.350000
063007,40.716667,13.916667
063036,40.935734,14.260355
063048,40.909360,14.209840
063077,40.916667,14.483333
063030,40.950000,14.283333
063009,40.783333,14.466667
063089,40.883333,14.333333
063067,40.833333,14.333333
063015,40.873488,14.576173
063057,40.916667,14.400000
063047,40.800000,14.050000
063060,40.823056,14.122222
063062,40.916667,14.150000
063027,40.966667,14.533333
063032,40.941667,14.272222
063071,40.629420,14.399570
043009,43.209100,13.054600
063076,40.916667,14.516667
063064,40.806792,14.352608
063056,40.855833,14.382778
063035,40.695720,14.515450
063074,40.721806,14.543603
043004,43.164169,13.237464
063092,40.842399,14.390534
063066,40.866667,14.533333
063018,40.931910,14.553240
063025,40.918270,14.411663
043006,43.138169,13.225139
043002,43.393064,13.130269
063085,40.950000,14.566667
022118,46.376826,11.659351
063040,40.900000,14.566667
063053,40.633333,14.411111
006051,44.982222,8.565556
006002,44.703333,9.067222
006005,44.726944,8.451667
006059,45.122222,8.215000
006014,44.626111,8.662222
006075,44.838056,8.682500
006010,44.804167,8.966389
006058,44.843611,8.931389
006093,44.519722,8.299167
006035,44.659167,8.832500
006034,44.620833,9.175833
006032,44.808056,8.901667
006082,45.061389,8.567500
006067,44.755278,9.155000
006073,45.134722,8.535278
006019,44.837222,8.539722
006044,44.602500,8.564444
006092,44.645000,8.426111
006053,44.981389,8.882222
006033,44.677202,8.606409
006076,44.963611,8.431111
006009,44.692500,8.881667
006048,44.627222,8.394722
006096,45.025278,8.894722
006043,44.750833,8.528889
006086,45.014722,8.852500
006037,44.835833,8.626111
006057,45.086850,8.318170
006074,44.783889,8.687222
006024,44.813889,9.041389
006023,45.070833,8.607500
006041,44.828347,9.005811
006049,44.685556,8.705000
006045,44.799444,8.931389
006088,44.636944,8.716389
006055,44.631389,8.455278
006040,44.913889,8.983333
006050,45.075000,8.241111
006020,45.092590,8.523730
006001,44.676111,8.468611
006087,45.031111,8.851111
006036,44.591111,8.421667
006061,45.021389,8.455000
032001,45.770371,13.648628
006099,45.154760,8.161422
006071,44.826449,8.532245
006079,44.781389,8.998889
006083,44.797222,9.107778
006046,44.906944,8.948889
006066,44.767500,9.051389
006094,45.036389,8.524167
006026,45.018611,8.430833
006047,44.846111,8.578333
006085,44.697500,8.966389
006081,44.688611,8.810278
032004,45.622500,13.857778
006007,44.994444,8.376944
006016,44.878333,8.952500
006031,44.829722,8.472500
006004,45.049444,8.209444
006011,45.184444,8.404444
006098,44.839444,9.035278
006029,44.728869,8.690356
006077,45.157778,8.196389
006062,44.816430,8.926872
004025,44.333333,7.483333
006013,45.002222,8.731944
006065,44.599722,8.334167
006095,44.618645,8.600550
006012,44.769722,8.705833
006052,44.743611,8.549722
006018,44.730278,8.944444
006191,44.767778,8.866111
006069,44.591944,8.879444
006022,44.650833,8.793889
006063,44.636944,8.586389
006068,44.900278,8.436944
006078,44.810000,8.542778
006025,44.674722,9.096667
006070,44.735556,8.732222
006038,44.634444,8.731389
006015,44.828333,8.455833
006030,44.850000,8.870833
006027,45.161111,8.291667
006054,44.807222,8.584167
006060,45.149167,8.371944
032005,45.733333,13.750000
004024,44.616667,8.133333
032003,45.600000,13.766667
006097,45.133889,8.251389
006091,44.869649,8.407741
006056,45.075000,8.392500
006028,44.716667,9.046111
006072,45.032778,8.388611
006008,45.018889,8.881667
006021,44.826389,8.678333
006017,44.661111,8.371389
006090,44.560300,8.414200
006084,44.631389,8.493611
023012,45.250000,11.133333
026038,45.840881,12.352000
013185,46.049444,9.225556
023079,45.633333,10.733333
013139,45.918407,9.245014
027041,45.683333,12.716667
013202,45.650000,9.033333
043011,43.109019,13.258369
024100,45.711111,11.355556
013119,45.883333,9.133333
013143,45.700000,9.183333
013245,45.783333,9.016667
027015,45.647500,12.512300
013227,45.658333,9.000000
027020,45.554328,12.299382
026039,45.816667,11.983333
013206,45.808500,9.049000
013113,46.000000,9.233333
013197,45.824900,8.916300
013223,45.850000,9.116667
026065,45.916667,12.200000
023008,45.233333,11.400000
013129,45.791113,9.122235
013095,45.816667,9.216667
013192,45.830565,9.252916
013110,45.771179,9.058451
026087,45.916300,12.014165
026062,45.766667,12.200000
013131,45.690556,8.930833
026050,45.821641,12.206734
013135,45.761031,9.043500
023093,45.566667,11.233333
026069,45.624600,12.376600
023090,45.600000,11.100000
013165,45.783333,8.966667
026071,45.686700,12.381500
026023,45.832222,12.008056
013161,45.916667,9.166667
013195,45.866667,9.250000
027040,45.816667,12.883333
024008,45.520278,11.339722
013232,45.816667,8.933333
013186,45.883333,9.150000
024052,45.383333,11.383333
013242,45.733333,9.066667
013138,45.766667,9.000000
026084,45.972500,12.233889
013084,45.733333,9.100000
013211,45.926245,9.103091
013153,45.783333,9.233333
024076,45.908302,11.312832
027043,45.385250,12.007360
013099,45.816667,8.966667
013106,46.133333,9.250000
013130,46.166667,9.300000
013126,45.950000,9.200000
013145,46.016667,9.233333
013246,45.900000,9.183333
013249,46.150000,9.300000
013178,46.179631,9.277363
013234,46.033333,9.050000
013154,45.783333,9.050000
013170,45.783333,9.183333
027019,45.533110,12.644750
013123,45.883333,9.266667
024073,45.733333,11.683333
013169,45.756389,8.976667
013187,45.995573,9.113054
013155,46.178210,9.374530
023034,45.673611,10.860833
026021,45.887222,12.296944
027039,45.410843,12.034697
013152,45.860500,9.097200
043010,42.894619,13.153311
013218,46.138790,9.275240
013216,46.172222,9.381389
024110,45.566667,11.366667
013188,45.828731,9.220982
013183,46.102900,9.276500
027034,45.763611,12.995278
027027,45.666667,12.533333
027036,45.733333,12.683333
013121,45.761139,9.245758
013128,45.683333,8.983333
023078,45.633333,10.950000
024053,45.750000,11.533333
027005,45.600261,12.887575
013238,45.716667,8.983333
013102,45.742126,9.055518
013137,45.700000,8.983333
013212,45.761083,9.100987
027009,45.833333,12.783333
024111,45.650000,11.300000
027037,45.571944,12.108889
013107,46.166667,9.366667
013222,45.800000,9.150000
024101,45.816721,11.718170
024051,45.483333,11.616667
023031,45.600000,10.850000
030107,46.465366,12.708717
043020,43.239081,13.067800
065016,40.822600,14.705700
065011,40.636900,14.607540
065044,40.616667,14.566667
065028,40.183333,15.116667
030108,46.159444,13.533333
065020,40.783333,14.833333
065030,40.500000,15.233333
065071,40.234167,14.983889
065022,40.666610,15.106380
065087,40.339010,15.656340
065059,40.083333,15.566667
043012,43.374150,13.216356
065013,40.750000,14.780000
043022,43.166261,13.416100
065074,40.366667,15.200000
043021,43.066944,13.338056
065024,40.250000,15.300000
065042,40.350000,15.133333
065064,40.283333,15.066667
065029,40.166667,15.550000
065003,40.483333,15.116667
043003,43.364131,13.346419
065078,40.750000,14.633333
065043,40.733333,15.283333
065032,40.217889,15.177111
065084,40.250599,15.102096
065057,40.283333,15.216667
065034,40.783333,14.700000
065039,40.066667,15.316667
065048,40.433333,15.383333
065017,40.633333,15.383333
065066,40.648611,14.638889
065009,40.150000,15.183333
065002,40.346900,14.996550
065023,40.300000,15.300000
065067,40.783128,14.734761
065007,40.743056,14.569444
065052,40.766667,14.800000
065058,40.390337,15.093025
065092,40.297710,15.147660
065025,40.416667,15.083333
065056,40.716667,14.933333
065010,40.450000,15.550000
065076,40.283333,15.700000
065046,40.633333,15.233333
065050,40.616944,15.056389
065054,40.151667,15.322222
065088,40.741667,14.616667
065001,40.750000,15.050000
065081,40.350000,15.050000
065038,40.100000,15.400000
065063,40.786190,15.307910
065060,40.300000,15.033333
065086,40.466667,15.316667
065008,40.443910,15.253850
043017,43.035900,13.156200
065018,40.266667,15.616667
065035,40.416667,15.233333
065005,40.533333,15.133333
065021,40.033033,15.369928
065083,40.689444,15.231111
043014,43.164000,13.357000
065158,40.616667,14.950000
065047,40.716667,14.600000
065014,40.616667,14.983333
065053,40.621389,14.549444
043016,43.251350,12.945889
043015,43.248219,13.507531
065015,40.422220,15.312190
065091,40.281035,15.005281
065080,40.216667,15.283333
065033,40.816667,15.316667
065061,40.333333,15.333333
065068,40.652690,14.624950
065004,40.177458,15.424597
065075,40.350000,15.533333
065051,40.366667,15.250000
065006,40.633333,14.602778
065049,40.166667,15.316667
065027,40.150000,15.616667
065019,40.566667,15.500000
065040,40.200000,15.250000
065085,40.300000,15.166667
065055,40.716667,14.900000
065041,40.650000,14.700000
065070,40.162008,15.366667
065090,40.733333,14.766667
065077,40.139583,15.555083
065026,40.215278,15.688800
065012,40.561111,15.424444
065089,40.666667,15.300000
065073,40.700000,14.983333
043019,43.188489,12.931689
065045,40.516667,15.200000
065065,40.350000,15.233333
065069,40.247100,15.268860
065079,40.741667,14.672222
065036,40.733333,14.850000
007029,45.704444,7.883889
029015,45.043562,11.906600
007028,45.650000,7.866667
007032,45.833333,7.833333
018007,44.833333,9.116667
029048,45.066667,11.900000
007026,45.821500,7.230400
028085,45.370269,11.983989
014048,46.133333,9.416667
007030,45.783333,7.300000
007035,45.689967,7.187622
007042,45.633333,7.850000
012057,45.760325,8.764526
007038,45.715556,7.273611
012032,45.644281,8.772481
012055,45.839940,8.746810
018098,44.906362,9.126903
007073,45.666560,7.689110
007046,45.850000,7.316667
007051,45.733333,7.583333
007022,45.783333,6.966667
007044,45.750000,7.033333
007018,45.616667,7.616667
007067,45.801628,7.570307
013041,45.733333,9.133333
029017,45.000000,12.083333
007024,45.816667,7.300000
090068,40.575250,8.727389
029023,44.981745,11.691316
028015,45.300000,11.992500
007025,45.716667,7.700000
007040,45.746917,7.072667
007036,45.683333,7.850000
007053,45.763889,6.985833
007052,45.600000,7.800000
007069,45.833333,7.333333
028084,45.133333,11.650000
007017,45.683333,7.650000
029026,45.021847,11.914427
007009,45.616667,7.750000
007065,45.750000,7.650000
014047,46.083333,9.550000
012074,45.883333,8.683333
007060,45.731460,7.448200
007039,45.816667,7.616667
029011,45.016667,11.533333
018044,45.250000,8.666667
018005,45.084157,9.385766
018011,45.098183,9.088542
007062,45.816667,7.216667
014040,46.250000,10.250000
007013,45.716667,7.733333
007004,45.644300,7.722200
014044,46.183333,9.900000
109018,43.233219,13.632200
007037,45.650000,7.683333
007072,45.766667,7.533333
028092,45.333333,11.733333
007014,45.683333,7.700000
007045,45.807232,7.487912
012106,45.750000,8.750000
028083,45.183333,11.716667
007027,45.736013,7.494370
014003,46.116667,9.466667
007057,45.783333,7.316667
012103,45.974722,8.768333
007063,45.710000,7.226000
007023,45.600000,7.766667
029003,45.016667,11.733333
007020,45.750000,7.616667
007047,45.850000,7.383333
007016,45.833333,7.616667
014053,46.166667,9.783333
063058,40.750000,14.500000
007012,45.766667,7.733333
018019,45.266566,9.217951
007059,45.750000,7.550000
029019,44.983333,11.883333
028049,45.116667,11.500000
029043,45.033333,11.583333
007043,45.700000,7.683333
007061,45.716667,7.166667
007015,45.744526,7.549854
029002,44.946084,12.124922
007049,45.728000,7.357000
007048,45.616667,7.816667
007019,45.716667,7.316667
007034,45.616667,7.733333
029024,45.033333,11.650000
007058,45.750000,7.350000
018116,45.036505,9.048212
007008,45.701200,7.240300
007005,45.703056,7.166667
007002,45.800000,7.600000
007074,45.702436,7.207592
007006,45.708700,7.140500
007041,45.716000,6.950000
007050,45.607614,7.686379
007031,45.716667,7.283333
007033,45.783333,7.816667
079133,38.950000,16.650000
016004,45.760556,9.796944
079151,38.783333,16.466667
030126,46.200000,13.150000
079142,38.783333,16.516667
079020,39.050000,16.450000
079004,38.933333,16.466667
079131,38.916667,16.516667
030124,46.283333,13.083333
030136,46.461796,13.026040
079059,38.816667,16.433333
030135,45.900000,13.350000
030110,46.396631,12.848019
079089,38.750000,16.450000
079074,39.075556,16.231111
079114,38.850000,16.350000
030118,46.133333,13.216667
030120,45.800000,13.333333
079017,38.883333,16.483333
079072,38.933333,16.500000
079143,38.764280,16.539320
079099,39.000000,16.316667
079043,39.050000,16.350000
030123,45.816667,13.283333
030113,46.250000,13.333333
079056,38.741408,16.502132
079110,39.059541,16.182334
079146,39.016667,16.583333
079025,38.733333,16.433333
030131,46.330310,13.138250
030128,45.950000,13.333333
079129,38.970903,16.401728
030116,46.216667,13.216667
030133,46.414096,12.920748
079033,39.066667,16.283333
030112,46.512002,12.990757
079063,38.600000,16.516667
030132,46.385147,12.987202
030109,46.013889,12.974722
079071,39.033333,16.833333
079160,38.966667,16.300000
079061,38.500000,16.500000
079147,38.950000,16.500000
079108,38.849524,16.516801
079115,39.000000,16.466667
030111,46.126944,13.577222
079126,38.983333,16.633333
079095,39.072019,16.739248
079048,38.961111,16.388333
079068,39.016667,16.633333
079117,38.533333,16.516667
079009,39.016667,16.783333
079011,38.826189,16.508800
079073,39.083333,16.250000
079157,39.000000,16.666667
030127,46.160500,13.212800
079018,38.650000,16.383333
079092,38.983333,16.583333
079047,39.000000,16.166667
079083,39.078477,16.300282
079003,38.800000,16.450000
079096,38.950000,16.383333
079024,38.716667,16.416667
030122,46.133333,13.433333
030114,45.933333,13.116667
079134,39.016667,16.566667
079069,38.850000,16.366667
079087,39.033333,16.150000
079080,38.750000,16.516667
079148,38.633333,16.366667
079116,38.633333,16.483333
079052,39.000000,16.583333
079008,38.566667,16.533333
079058,38.966667,16.533333
079036,38.966667,16.783333
079060,38.983333,16.200000
079138,39.083333,16.366667
030121,46.400000,13.016667
079012,38.933333,16.850000
079127,38.916667,16.750000
079065,38.850000,16.383333
079123,38.666667,16.466667
079029,38.683333,16.400000
079055,38.683333,16.466667
079094,38.700000,16.466667
079137,38.683333,16.550000
079139,38.950000,16.683333
079007,38.683333,16.433333
079130,39.016667,16.733333
035026,44.966667,10.683333
079027,39.016667,16.750000
079005,39.016667,16.766667
079034,38.839600,16.410000
030130,45.883333,12.983333
079030,39.022190,16.486100
079081,38.716667,16.500000
079042,38.650000,16.483333
079077,38.963398,16.460891
079039,38.826667,16.313889
079088,38.733333,16.416667
048050,43.783333,10.916667
043025,43.185900,13.480800
043027,42.992919,13.001069
043024,43.256586,13.009594
012104,45.850000,8.633333
085007,37.066667,14.250000
018083,45.122000,8.797300
018187,45.050000,9.333333
018076,45.177260,8.992420
014008,46.183333,10.100000
014028,46.150000,9.900000
018043,45.257083,9.249583
025063,46.417356,12.331983
108031,45.628611,9.444167
018127,45.283333,9.083333
014065,46.166667,10.066667
018077,45.200000,9.383333
014002,46.150000,9.850000
018139,45.157560,9.399760
014055,46.100000,9.550000
012047,45.752770,8.811001
012097,45.950100,8.832200
012134,45.776900,8.886900
012027,45.966667,8.833333
012089,45.710251,8.880962
012013,45.850000,8.666667
012081,45.950000,8.783333
018182,44.992500,9.009167
025003,46.406637,12.021464
018022,45.133333,8.633333
027012,45.424880,12.075810
012100,45.916667,8.783333
023077,45.520890,10.836180
025001,46.282222,12.034444
018121,44.950000,9.033333
014020,46.170821,9.989355
108054,45.678444,9.121889
012129,46.083333,8.733333
012098,45.628889,8.898056
018054,45.066667,8.966667
018057,45.010556,9.162500
025043,46.253889,12.023889
018147,45.132266,8.901689
108051,45.616667,9.466667
014043,46.300000,9.383333
018111,45.020380,9.230550
018096,44.971390,9.285490
018109,45.282602,8.750845
013189,46.033333,9.133333
108019,45.630694,9.145639
018167,45.150000,8.866667
018081,45.166667,9.266667
012116,45.800000,8.566667
018164,45.216667,8.866667
025065,46.500445,12.472621
018090,45.060278,8.850000
012019,45.900000,8.683333
018144,45.246111,8.644444
012102,45.947000,8.758900
025033,46.484572,12.443341
012031,45.883333,8.650000
014076,46.250000,10.233333
012099,45.937079,8.860830
018021,44.733333,9.283333
012114,45.961300,8.681500
018047,45.061944,9.016944
025011,46.083333,11.983333
012007,45.883333,8.700000
018049,45.039114,9.248065
012044,45.713720,8.861610
014005,46.166667,9.650000
012141,45.874800,8.633400
012037,45.900000,8.700000
025062,46.373430,11.929560
108012,45.550833,9.301111
018142,44.736460,9.243589
014078,46.200000,10.133333
018123,45.291389,8.592222
018016,44.966667,9.150000
018099,45.116667,9.516667
012052,45.866667,8.933333
018155,44.962887,9.097398
018108,45.075278,9.051667
018145,45.113789,9.370925
012125,45.766667,8.616667
012001,46.034900,8.771600
018087,45.247967,9.295054
014068,46.231976,10.263823
014038,46.233333,10.233333
025049,46.383333,11.983333
025019,46.358439,11.872381
018006,45.116667,9.466667
018119,45.116667,9.150000
108014,45.655977,9.319646
018105,45.000000,9.183333
014025,46.161290,9.600640
018004,45.183333,9.266667
012117,45.877234,8.924620
018003,45.291993,8.706428
018101,45.016667,9.200000
018050,45.316667,8.750000
018161,45.016667,9.166667
018073,44.900000,9.050000
108044,45.650000,9.350000
048025,43.852520,11.597546
048044,43.783333,11.100000
048015,43.800000,11.300000
065143,40.559667,15.307000
065109,40.216667,15.433333
065110,40.628056,15.458056
065144,40.233333,15.100000
065128,40.450000,15.350000
065097,40.517100,15.497950
065126,40.433333,15.466667
065139,40.250000,15.016667
065104,40.650000,14.616667
065123,40.233333,15.050000
065154,40.233333,15.266667
024038,45.635606,11.548540
065114,40.400000,15.600000
065124,40.116667,15.283333
024032,45.785600,11.426900
065140,40.582510,15.185550
048043,43.833333,11.200000
048012,43.547778,11.041111
048041,43.754444,11.189444
065105,40.666667,15.483333
048019,43.733333,10.800000
065148,40.116667,15.633333
065129,40.466667,15.483333
065113,40.378889,15.378333
048027,43.553333,10.911667
048011,43.761700,10.877100
048030,43.650000,11.083333
048031,44.116667,11.550000
065152,40.400000,15.116667
027007,45.683333,12.633333
048002,44.000000,11.233333
048010,43.610833,10.970000
065117,40.590900,15.458760
065156,40.100000,15.583333
065147,40.316667,15.050000
065133,40.250000,15.550000
048039,43.916667,11.616667
065119,40.050000,15.433333
065122,40.769703,14.594661
048038,43.656944,11.185833
065134,40.066667,15.633333
048020,43.533333,10.950000
048013,43.900000,11.533333
048049,43.933333,11.466667
065112,40.300000,15.066667
065101,40.566667,15.233333
065096,40.116667,15.233333
065111,40.400000,15.350000
048018,44.119680,11.381850
048035,43.683333,11.533333
065095,40.350000,15.383333
065153,40.344722,15.369167
048046,43.907222,11.281667
048026,44.083333,11.616667
065108,40.761667,14.693333
048021,43.583333,11.316667
065150,40.133333,15.600000
065098,40.183333,15.066667
065107,40.116667,15.433333
048032,43.773889,11.504722
065125,40.456389,15.483056
065146,40.383333,15.533333
065142,40.802500,14.694444
065141,40.266667,15.083333
048033,43.775000,11.437500
065118,40.716667,14.866667
065145,40.310200,15.251530
048001,43.750000,11.316667
065135,40.816667,14.616667
065130,40.740278,14.594444
065155,40.738210,15.269460
065131,40.812350,15.343566
065138,40.653610,14.607780
065151,40.694260,14.639880
065157,40.672222,14.727778
048005,43.856667,11.163611
065149,40.133333,15.466667
065100,40.627778,14.481944
065115,40.249600,15.190900
065099,40.650000,14.883333
065103,40.333333,15.066667
048006,43.825556,11.133333
065136,40.340300,15.565550
065106,40.433333,15.200000
065120,40.650000,15.400000
048004,43.955480,11.385610
048008,43.750000,10.983333
048028,43.733333,11.016667
048036,43.723700,11.450700
065102,40.611111,14.533333
048024,43.766667,11.100000
065127,40.097080,15.523270
065132,40.791090,14.603330
048022,43.685425,11.254394
048037,43.816667,11.483333
065121,40.700000,14.833333
093047,46.197900,12.870000
039013,44.450000,11.816667
093040,46.034110,12.678460
093015,46.266667,12.516667
076092,40.033333,15.766667
039012,44.416667,11.916667
093044,46.111389,12.901667
093038,46.050000,12.866667
031025,45.866667,13.433333
093024,46.216667,12.733333
039016,44.376450,12.033350
093037,45.954120,12.502740
039010,44.285556,11.883333
039001,44.506111,12.041111
093035,45.816667,12.683333
039009,44.383333,11.933333
093034,45.894444,12.588611
093045,46.316667,12.800000
031015,45.883333,13.433333
093008,46.050000,12.533333
031005,45.900000,13.516667
031022,45.916667,13.583333
093041,45.915278,12.855556
039003,44.383333,11.833333
076093,40.583333,15.983333
031002,45.950000,13.466667
039018,44.366667,11.850000
093051,45.966667,12.766667
093007,45.900000,12.533333
039011,44.466667,11.950000
093031,46.033333,12.500000
031016,45.833333,13.500000
093002,46.150000,12.783333
031023,45.800000,13.500000
093004,46.066667,12.583333
093030,46.183056,12.945278
031019,45.983333,13.583333
093021,45.933333,12.733333
093032,45.966667,12.616667
031012,45.800000,13.533333
093016,46.233333,12.916667
031017,45.879632,13.514439
076097,39.966667,16.083333
030004,45.766667,13.366667
030001,45.866667,13.366667
093012,46.200000,12.766667
031021,45.850000,13.466667
039006,44.316667,11.800000
039002,44.416862,11.976063
030002,46.375000,13.096389
076096,40.600000,15.500000
031001,45.947549,13.511374
031024,45.821463,13.444422
076094,40.675147,15.896061
093014,46.283333,12.433333
031014,45.937900,13.553200
039008,44.516667,11.833333
093049,46.233333,12.933333
093018,45.850000,12.883333
093042,46.166667,12.833333
093019,46.274427,12.372088
031008,45.883333,13.500000
093022,45.966667,12.566667
031004,46.033333,13.483333
076098,40.333333,15.900000
093027,46.166667,12.666667
093011,46.200198,12.903523
076095,40.966667,15.816667
093005,45.883333,12.716667
031011,45.916667,13.416667
093050,46.076560,12.779120
093006,46.191700,12.559900
039015,44.283333,11.733333
093039,46.016667,12.866667
093043,45.850000,12.816667
093009,45.966667,12.450000
093025,46.166667,12.716667
093010,45.950000,12.850000
093046,46.283333,12.800000
093001,46.200000,12.616667
030003,46.417086,12.790274
093026,46.216667,12.800000
031018,45.800000,13.466667
031009,45.683333,13.400000
031010,45.916667,13.466667
030005,46.472380,13.026675
093017,45.983333,12.700000
031006,45.866667,13.483333
031013,45.933333,13.500000
093036,46.016667,12.616667
039005,44.216667,11.616667
039007,44.250000,12.366667
076091,40.316667,15.783333
093052,46.147100,12.696200
093020,46.183333,12.750000
039004,44.216667,11.766667
093029,45.850000,12.633333
031020,45.933333,13.533333
039017,44.433333,11.866667
002015,45.350000,8.050000
103045,45.975278,8.523889
103022,45.833333,8.366667
103031,46.376944,8.425556
002008,45.816667,8.133333
002030,45.216667,8.500000
103074,45.959300,8.564300
103035,45.933333,8.433333
103052,46.041667,8.258611
103065,46.143611,8.467222
103036,46.085900,8.570010
103053,46.023611,8.259167
103024,46.140556,8.489722
103069,45.906944,8.340000
103038,45.906923,8.368395
103041,46.126667,8.500556
103050,45.878056,8.406944
002065,45.450000,8.383333
002003,45.433333,8.383333
103055,45.980400,8.605000
002033,45.400000,8.300000
103048,45.846111,8.377500
103043,45.912222,8.320556
002002,45.853889,7.937222
103057,46.000000,8.333333
002004,45.366667,8.083333
103042,46.136667,8.326389
002011,45.300000,8.116667
002054,45.266667,8.350000
103068,46.122222,8.333333
103066,46.032100,8.690860
103032,45.892500,8.388333
103016,46.016667,8.683333
103028,46.116111,8.291111
103039,45.966667,7.966667
002059,45.433333,8.283333
103026,46.223583,8.323111
002009,45.450000,8.283333
103059,45.869444,8.363333
103049,45.983333,8.650000
103029,46.134722,8.433056
002045,45.400000,8.350000
002072,45.633333,8.316667
103060,46.130556,8.544167
002043,45.812602,8.303847
103023,45.963611,8.509167
103021,45.966667,8.066667
103064,45.883611,8.539444
002070,45.283333,8.350000
002048,45.850000,8.200000
103076,46.132778,8.535278
103051,45.966667,8.400000
103015,45.963889,8.540556
103077,46.007778,8.293611
103033,45.950000,8.616667
002067,45.233333,8.100000
002047,45.233333,8.366667
002079,45.316667,7.983333
002031,45.350000,8.383333
103025,46.147500,8.296111
103067,46.212778,8.214167
002066,45.700000,8.250000
103046,46.149722,8.320278
002078,45.816667,8.033333
002014,45.830000,8.113333
002071,45.283333,8.083333
103034,45.866667,8.516667
103044,45.966667,8.433333
002057,45.889861,8.158361
002021,45.483333,8.266667
002007,45.266667,8.416667
103070,45.988010,8.131480
103040,45.800000,8.366667
103018,45.983333,8.566667
103047,46.066667,8.233333
103054,46.005833,8.269167
002016,45.716944,8.276389
002017,45.366667,8.466667
002025,45.800000,8.033333
002042,45.308356,8.021025
002032,45.416667,8.200000
103017,46.066667,8.700000
002049,45.205676,8.109865
103075,46.073611,8.266944
002006,45.500000,8.383333
002062,45.526565,8.374462
103056,46.266667,8.333333
103071,46.207500,8.253333
002082,45.193343,8.520934
103037,45.993889,8.572778
002061,45.616667,8.366667
002052,45.330659,8.210828
103061,45.950000,8.516667
002041,45.872748,8.143588
002029,45.900000,8.050000
002058,45.200000,8.183333
002068,45.550000,8.383333
103058,45.873889,8.373056
103062,46.133333,8.466667
103019,45.916667,8.416667
102032,38.566667,16.016667
102013,38.683333,16.233333
080042,38.491944,16.081111
080060,38.216667,16.050000
102006,38.666667,16.033333
080051,38.316667,16.033333
080046,38.449304,16.098190
080091,38.416900,16.470800
080075,38.524700,16.136100
080080,38.177950,15.759797
080039,38.333333,16.300000
102027,38.733333,16.166667
080064,38.418056,16.481111
102025,38.550000,15.933333
080093,38.350000,16.016667
080079,38.077262,16.046600
080031,38.233333,15.916667
102011,38.783889,16.291111
080078,38.250000,15.966667
102023,38.716667,16.283333
102010,38.488100,16.301800
102022,38.513889,16.320278
080092,38.483333,16.466667
080037,38.433333,16.150000
102016,38.583333,16.216667
080071,38.383333,16.100000
080033,38.033333,16.083333
080077,38.205705,15.781005
102012,38.616667,16.033333
080085,38.250670,15.718990
102008,38.533333,16.150000
080081,38.266667,15.866667
080034,38.212288,15.695322
102005,38.692106,16.289442
080057,38.366667,15.850000
080097,38.486667,15.919722
080050,37.916667,15.783333
080095,38.316667,15.983333
080070,38.066667,16.066667
080090,38.000000,16.033333
080073,38.016667,15.833333
080059,38.416667,16.450000
080096,38.216667,15.633333
080062,38.233333,16.200000
102026,38.683333,15.916667
102007,38.566420,16.180480
102031,38.591944,16.001667
080068,38.048889,15.915833
102020,38.730010,16.215923
080055,38.300000,15.983333
080044,38.366667,16.233333
080058,38.476389,16.451667
080086,38.333333,15.866667
080045,38.300000,16.333333
080065,38.412222,15.958889
102003,38.725980,16.032890
102030,38.625170,15.866740
080087,38.512500,16.100000
080066,38.050000,15.900000
102002,38.562780,16.209910
102009,38.666667,15.916667
080074,38.150000,16.066667
102029,38.750000,16.316667
080036,38.266667,16.216667
080072,38.366667,16.283333
080052,38.453611,16.553056
080083,38.166667,15.783333
080054,38.000000,15.700000
080089,38.265833,15.878889
102014,38.783333,16.266667
080053,37.983333,15.766667
080088,38.266667,16.300000
102024,38.464768,16.340840
080040,38.353889,16.272500
080061,38.400000,16.066667
080094,38.316667,16.000000
080038,38.433333,15.900000
102019,38.566667,15.966667
102004,38.583325,16.386263
080032,38.466667,16.066667
080041,38.187520,15.755660
080067,38.316667,16.400000
102001,38.555833,16.188056
080035,38.466667,16.116667
080030,38.233521,15.913897
080048,38.303110,15.881530
080047,38.350000,16.283333
080082,38.216667,16.200000
102021,38.607800,16.067510
080049,38.433333,16.050000
080043,38.233333,16.266667
102015,38.616667,16.100000
102028,38.622860,16.248760
102018,38.583333,15.900000
080084,38.250000,15.933333
102017,38.633333,16.050000
080069,38.485000,15.979722
080056,37.966667,15.983333
080076,38.283333,15.900000
015209,45.533333,9.233333
015106,45.550000,9.433333
015012,45.477988,8.998394
097003,45.803889,9.331667
015125,45.350000,9.216667
015221,45.608920,9.520050
015204,45.483333,8.966667
015108,45.533333,9.400000
015098,45.550000,9.183333
098027,45.358889,9.446389
015024,45.333333,9.100000
098053,45.152500,9.595000
015015,45.350000,9.166667
020007,45.102474,10.483982
097046,45.916667,9.316667
015144,45.500000,8.850000
015195,45.400000,9.283333
015173,45.350000,9.200000
098058,45.249722,9.622500
015229,45.526803,8.994722
015236,45.316667,9.066667
015010,45.500000,8.933333
020026,45.250000,10.666667
015247,45.366667,9.116667
015220,45.433333,9.066667
019002,45.450000,9.566667
097035,45.993889,9.333056
019048,45.083333,10.050000
015226,45.533333,8.733333
019030,45.166667,10.200000
097030,46.076389,9.306667
020055,45.033333,10.916667
098017,45.284220,9.601550
098009,45.354722,9.375278
097048,45.700040,9.424250
019072,45.400000,9.700000
020021,45.150000,10.716667
098055,45.343056,9.365000
015077,45.550000,9.216667
015074,45.440430,9.086578
015142,45.500000,9.416667
015159,45.383333,9.216667
020001,45.166667,10.433333
098048,45.275833,9.527500
019064,45.216667,10.250000
098056,45.328333,9.407500
015036,45.416667,9.116667
019114,45.212247,10.301874
015200,45.483333,8.916667
097055,45.873889,9.482778
098054,45.150278,9.634444
015085,45.466667,8.916667
097044,45.666667,9.366667
097008,46.043200,9.306100
015062,45.550000,8.766667
020025,45.066667,10.583333
015114,45.533333,9.483333
098039,45.434167,9.430833
097036,45.800000,9.383333
098029,45.108611,9.682500
015211,45.483333,9.050000
015096,45.500000,8.816667
098028,45.207500,9.455278
015081,45.528606,9.278272
015194,45.569260,8.909716
098026,45.141389,9.688889
015019,45.483333,8.816667
015170,45.510788,9.076998
019097,45.400000,9.866667
098052,45.233889,9.594444
015237,45.500000,9.366667
015011,45.400000,9.133333
015169,45.416667,9.400000
020056,44.971420,11.033660
019094,45.433333,9.700000
015140,45.358750,9.323770
020015,45.298056,10.475000
097017,45.733333,9.283333
015035,45.327258,9.015097
019037,45.395000,9.638889
015171,45.433333,9.316667
097013,45.800000,9.433333
019006,45.116667,10.083333
019046,45.150000,10.100000
019090,45.083333,10.366667
098049,45.082900,9.698200
098061,45.413333,9.433611
015116,45.566667,9.033333
020054,44.999167,10.489722
015022,45.316667,8.966667
015110,45.591111,9.495000
098035,45.168333,9.762500
097056,45.751447,9.261710
097043,45.958100,9.305100
019047,45.333333,9.883333
098051,45.119444,9.736389
097039,45.706667,9.445278
097058,45.733333,9.400000
015206,45.583333,9.133333
019098,45.286473,9.856965
015002,45.400900,8.918500
019088,45.243889,9.808889
019073,45.428748,9.609661
097007,45.950000,9.466667
019102,45.400000,9.500000
097012,45.724662,9.426402
019010,45.450000,9.750000
097040,45.966667,9.450000
020017,45.400000,10.500000
019051,45.194138,9.866335
019044,45.233333,9.766667
019039,45.350000,9.833333
097009,45.800000,9.283333
097038,45.800000,9.400000
019069,45.194950,10.186630
019112,45.466667,9.600000
019033,45.216667,10.100000
097084,46.010800,9.283800
015076,45.600000,9.083333
015201,45.583333,8.933333
015078,45.450000,8.983333
019052,45.016667,10.350000
015118,45.595810,8.905982
015005,45.416667,8.933333
019011,45.400000,9.666667
015175,45.500000,9.333333
019105,45.416667,9.600000
097004,45.900000,9.416667
108052,45.566667,9.383333
019110,45.327400,9.817300
015249,45.583333,8.783333
016215,45.778596,9.484510
097018,45.915338,9.485328
004115,44.683333,8.150000
097075,45.775668,9.323433
015007,45.533333,8.850000
019101,45.061400,10.511650
019115,45.112270,10.334380
019091,45.066667,10.316667
019092,45.045200,10.308019
019013,45.250000,9.833333
020063,45.372360,10.566480
019035,45.366667,9.683333
019087,45.350000,9.783333
097005,45.750000,9.316667
019100,45.150000,9.933333
015243,45.483333,8.950000
019109,45.400000,9.633333
019034,45.303010,9.654980
097059,45.800000,9.416667
097050,45.932266,9.487907
019070,45.183333,10.250000
097037,45.766667,9.300000
097062,45.683333,9.450000
097078,45.816667,9.316667
019024,45.466667,9.700000
019080,45.300000,9.733333
018189,45.200000,9.016667
019016,45.250000,9.966667
054001,43.070812,12.614998
015205,45.489969,9.295331
097083,45.846280,9.358240
015189,45.383333,9.150000
020064,45.068686,11.021747
019043,45.333333,9.783333
004114,44.450000,7.800000
019029,45.350000,9.616667
097010,45.750000,9.450000
019103,45.066667,10.083333
019015,45.450000,9.650000
020035,44.933333,10.916667
019045,45.216667,10.216667
019106,45.100000,10.433333
097072,45.782460,9.273640
015009,45.550000,9.078333
019023,45.066667,10.400000
015182,45.533333,9.033333
097079,46.016667,9.366667
019054,45.350000,9.750000
054002,43.066688,12.548900
019113,45.166667,10.166667
019050,45.200000,10.150000
097023,46.133333,9.366667
019005,45.364730,9.610552
019093,45.216667,10.150000
019049,45.266667,9.733333
097090,45.724680,9.324940
097082,45.783333,9.416667
015166,45.571944,9.169167
019022,45.292897,9.908826
019111,45.373056,9.588333
097034,45.816667,9.450000
019019,45.416667,9.783333
019065,45.237778,9.927778
019017,45.431880,9.714160
019026,45.188771,9.995570
019053,45.175833,10.312222
019038,45.166667,9.850000
019055,45.350000,9.716667
018136,45.175176,8.780890
005003,44.845059,8.134840
005006,44.874444,8.267778
006128,44.990833,8.671944
006157,44.753889,8.906389
006124,44.821389,8.892222
006112,44.666667,8.551944
006142,44.897222,8.406111
006138,44.796111,8.785833
005001,44.791111,8.251389
006110,44.606111,8.511667
006189,44.893889,8.960556
006100,44.640000,9.061667
006165,44.544167,8.335000
006148,44.707500,9.051389
006156,44.785833,8.922222
006185,45.183889,8.480278
005008,44.830833,8.329444
005004,45.101667,8.001111
006163,44.919167,8.508611
006172,44.671389,8.422778
006174,44.894167,8.865556
006150,45.076111,8.359722
006121,44.639167,8.646389
006101,44.883333,8.966667
006116,45.110000,8.168056
006186,44.850556,8.888889
006123,45.109167,8.373056
006159,45.101111,8.283056
006152,44.693333,8.751111
006168,44.699167,8.522778
006104,44.683611,8.588889
006145,44.977778,8.716667
006127,44.751667,8.750278
006184,45.135556,8.172222
006135,45.085833,8.266667
006179,45.012222,8.397222
006190,44.622778,8.844167
006143,44.733333,8.469167
005002,45.078611,7.972222
006105,44.949452,8.685741
006134,44.628889,8.366389
006122,44.862222,8.488889
006169,44.639167,8.666944
006182,45.073333,8.168889
006147,44.672500,8.649444
006109,45.168333,8.367222
006133,45.143333,8.334167
006167,44.727395,8.867729
006120,45.055278,8.339722
006161,44.785833,8.573611
006164,45.130000,8.284167
006103,44.668056,8.731111
006131,45.063333,8.597222
006158,44.868889,8.914167
005010,44.794167,8.441667
006166,44.838333,8.874722
005007,44.906944,8.092778
006126,44.670833,8.759722
006151,44.981667,8.810278
006111,44.640278,8.757222
006180,44.710947,8.903636
006171,45.083333,8.444167
006140,44.752222,8.656389
006108,44.849167,8.994722
006188,44.891111,8.982778
006137,44.878889,9.030833
006113,45.082778,8.136111
006162,44.687778,8.676667
005012,45.022778,7.952222
006176,44.662500,8.587222
006170,44.729444,8.772500
006132,44.961111,8.935000
006154,44.995000,8.566944
006146,44.678333,9.029722
006107,44.838611,8.956111
006178,45.101111,8.584167
006141,44.945833,8.488056
006106,44.595278,8.379722
006181,44.905278,8.923611
006136,44.589167,8.460278
006173,45.097222,8.552778
006160,44.722500,8.860278
006117,45.072500,8.207222
006115,45.061111,8.508611
006155,44.787500,9.065833
006175,45.097778,8.360556
005009,45.095833,7.953889
006183,44.816389,8.858333
006119,44.690278,8.562500
006139,44.640278,8.553056
006144,44.710833,8.552778
006129,44.943611,8.669722
006149,45.081389,8.400833
005011,44.664444,8.296111
006177,45.014025,8.645821
006153,45.107685,8.413055
006118,45.037388,8.367527
006125,44.517500,8.382778
006102,44.766450,9.104960
078025,39.496270,16.954950
078029,39.783889,16.318889
078078,39.170630,16.307050
078075,39.200000,16.333333
078049,39.233333,16.250000
078060,39.713751,15.897587
078079,39.262820,16.194520
078055,39.233333,16.066667
078054,39.716667,16.166667
078100,39.900000,16.433333
078096,39.110592,16.321124
078007,39.966667,16.383333
078065,39.319800,16.312000
079002,39.016667,16.600000
078005,39.933333,15.816667
078030,39.350000,16.283333
078046,39.516730,16.726740
078008,39.130490,16.252700
078009,39.700000,16.133333
078034,39.372947,16.423984
078050,39.216667,16.200000
078071,39.716667,15.850000
078067,39.200000,16.083333
078097,39.235791,16.321067
078014,39.176850,16.287450
078024,40.100000,16.500000
078081,39.400000,16.150000
078036,39.866667,16.366667
078001,39.722780,16.090960
078101,39.897963,15.808416
078041,39.833333,16.316667
078042,39.083333,16.166667
078018,39.416667,16.750000
078021,39.566667,16.800000
078088,39.800000,15.916667
078010,39.133200,16.074500
078040,39.500000,15.950000
078068,39.450000,16.616667
078020,39.683333,15.883333
078011,39.950000,16.583333
078031,39.316667,16.200000
078090,39.079884,16.459667
078053,39.224538,16.323865
078076,39.312620,16.162457
078002,39.493425,15.954122
078074,39.466667,16.833333
078035,39.216667,16.333333
078033,39.816667,16.200000
078051,39.566667,16.050000
078085,39.650000,16.066667
078004,39.116667,16.166667
078093,39.166667,16.416667
078015,39.616667,15.866667
078019,39.583333,15.900000
078032,39.993333,16.478056
078070,39.450000,16.283333
078037,39.283333,16.183333
078103,40.106408,16.594899
078003,39.500000,16.383333
078056,39.816944,16.395556
078038,39.553322,16.172559
078066,39.466667,16.133333
078082,40.050000,16.533333
078022,39.500000,16.766667
078012,39.233333,16.350000
078064,39.936111,15.977778
078023,39.416667,16.816667
078047,39.566667,16.766667
078080,39.533333,16.116667
078105,39.183333,16.316667
078098,39.261030,16.339400
078099,39.483333,16.816667
078102,39.333333,16.183333
078077,39.300000,16.183333
078073,39.600000,16.050000
078094,39.233333,16.266667
078057,39.833333,16.266667
078104,39.616667,16.150000
078016,39.100000,16.416667
078084,39.883333,15.983333
078063,39.950000,15.966667
078013,39.166667,16.083333
078086,40.100000,16.483333
078006,39.924200,16.470000
078091,39.366667,16.033333
078017,39.507270,16.281060
078092,39.866667,15.900000
078083,39.850000,16.133333
078069,39.750000,16.116667
078059,39.150000,16.233333
078061,39.466667,16.000000
078043,39.116667,16.400000
078048,39.683333,15.816667
078039,39.516667,16.116667
078062,39.166667,16.150000
078052,39.283333,16.083333
078026,39.250000,16.216667
078089,39.529430,16.679630
078058,39.416667,16.033333
078072,39.150000,16.250000
024084,45.700000,11.233333
024066,45.566667,11.466667
026060,45.853611,12.538333
098038,45.119722,9.838056
004046,44.750193,8.052862
072011,41.108333,16.691667
004047,44.590556,7.070833
004111,44.300000,7.983333
004059,44.716667,7.683333
004068,44.316667,7.683333
004056,44.733333,8.183333
004029,44.700000,7.850000
004041,44.783333,7.733333
071051,41.695111,15.379278
005015,44.740833,8.228333
004045,44.816667,7.633333
004087,44.806240,7.585125
004050,44.500000,8.183333
004034,44.516667,7.466667
004032,44.597800,7.404300
004103,44.583333,7.383333
004089,44.550000,7.733333
004065,44.633333,7.783333
004081,44.533333,7.950000
004061,44.500000,7.583333
072004,40.816667,16.550000
004108,44.403056,7.971667
004106,44.600000,8.100000
004102,44.443600,8.012500
065037,40.700833,14.705556
004105,44.633333,7.933333
004109,44.533333,8.150000
004071,44.484167,7.911667
004075,44.566667,7.483333
004110,44.200000,7.566667
004077,44.699683,7.155110
004073,44.575000,8.191667
004079,44.316667,7.300000
004060,44.483333,7.183333
004074,44.666667,8.200000
060003,41.726389,13.342222
004100,44.660975,7.996474
005016,44.992500,8.092222
004054,44.350000,8.133333
005014,45.002542,8.250473
004044,44.496762,7.284727
004070,44.566667,8.033333
004062,44.800000,7.818333
012008,45.840400,8.756400
004049,44.450000,7.633333
004035,44.416667,8.133333
004028,44.333333,7.550000
004084,44.242400,7.400000
030117,46.505262,13.578373
004037,44.800000,8.000000
005013,44.738056,8.339722
071029,41.633333,15.916667
004052,44.433333,7.983333
004093,44.333333,7.400000
004094,44.633333,7.350000
004076,44.574833,8.126861
004055,44.623972,7.978667
004033,44.569722,7.361111
004027,44.533333,8.050000
004043,44.483333,7.883333
004058,44.733333,7.666667
004064,44.383333,7.466667
058120,41.766667,12.233333
004042,44.745000,7.477778
004038,44.450000,7.083333
004082,44.466667,7.366667
004097,44.516667,8.133333
087004,37.612500,15.165556
004107,44.566667,7.883333
004086,44.516667,7.916667
004091,44.300000,7.800000
004072,44.733333,7.950000
004026,44.600000,8.150000
004067,44.650000,7.866667
004112,44.500250,7.178320
004063,44.574839,8.097940
004104,44.633333,7.550000
004113,44.766667,8.066667
004039,44.116667,7.950000
004030,44.400000,7.883333
004069,44.433333,7.933333
004080,44.650000,8.033333
004031,44.081297,7.740889
004092,44.566667,7.283333
004051,44.783333,8.033333
004090,44.287231,7.806969
004099,44.800000,8.100000
004066,44.383333,8.033333
004095,44.200000,8.016667
004040,44.416667,7.433333
004085,44.683333,7.366667
061005,40.973034,14.206475
004098,44.466667,8.166667
004057,44.616667,8.183333
004101,44.739486,8.034836
071020,41.266667,15.900000
004096,44.583333,7.666667
072029,41.200000,16.600000
004088,44.550000,8.100000
098004,45.215833,9.500278
081002,38.016667,12.733333
015167,45.435260,9.352200
015178,45.516667,9.450000
020024,45.200000,10.583333
020053,45.266667,10.766667
020046,45.038317,11.043583
098060,45.238889,9.482778
020066,44.926667,10.520000
098047,45.137222,9.723333
015213,45.615000,9.083889
098023,45.137500,9.800278
015157,45.533333,9.133333
019009,45.128611,10.441667
015242,45.513889,9.284444
098043,45.169722,9.579722
081001,37.966667,12.966667
098022,45.134444,9.760833
020013,45.216667,10.883333
020031,45.116667,10.533333
015139,45.400000,9.333333
098006,45.215556,9.572500
098024,45.309167,9.563333
019058,45.374843,9.569816
098005,45.278889,9.436111
098020,45.441944,9.465833
098021,45.287222,9.488889
015202,45.325678,9.355046
097002,45.750000,9.416667
098025,45.357500,9.576111
015082,45.383333,9.333333
098046,45.297500,9.386111
020042,44.977500,11.119167
015044,45.566667,9.416667
015191,45.183333,9.483333
020062,45.072222,11.099722
098034,45.252778,9.579444
020051,45.200000,10.633333
020020,45.033333,10.550000
020048,45.166667,10.516667
098019,45.160000,9.705000
020057,45.184769,10.853997
020033,45.219280,10.756090
020050,45.066667,10.433333
098037,45.265833,9.491111
020019,45.262280,10.569580
020014,45.188889,10.975556
097001,45.900000,9.333333
098018,45.374722,9.425000
020058,44.966667,11.083333
097053,45.700000,9.383333
019063,45.233333,10.016667
015086,45.550000,9.166667
019104,45.366667,9.833333
098010,45.177778,9.650000
015097,45.450000,9.033333
098001,45.313056,9.595278
098002,45.233889,9.669167
015055,45.316667,9.100000
098057,45.199509,9.675981
015071,45.330029,9.338559
015158,45.366667,9.050000
020039,45.000000,10.850000
019001,45.166667,9.883333
020028,45.316667,10.583333
020003,45.083333,10.883333
020029,45.005970,11.182300
020008,45.150000,10.383333
020044,45.409773,10.686691
098044,45.246667,9.538056
020043,44.929722,10.597222
020041,45.233333,10.533333
097011,45.750000,9.283333
098012,45.281389,9.360556
098030,45.193333,9.547500
098041,45.373492,9.397993
098045,45.264167,9.459444
020016,45.150000,10.650000
098003,45.359654,9.494382
020036,45.383333,10.700000
020034,45.333333,10.516667
097029,45.934850,9.473729
015219,45.582850,9.488000
020018,45.350000,10.600000
015101,45.366667,9.366667
098059,45.258056,9.337222
015248,45.566667,8.883333
098008,45.294444,9.363056
020052,45.134203,10.952420
020059,45.096506,10.534912
081003,37.900000,12.850000
098013,45.111667,9.864722
020022,44.950000,10.633333
098032,45.303333,9.418611
098036,45.253889,9.378333
097054,45.716667,9.316667
020060,45.000000,11.066667
098042,45.160833,9.555556
020002,45.216667,10.416667
015105,45.577130,9.081400
069094,42.394256,14.232871
068001,42.233333,14.016667
067016,42.583333,13.800000
069102,41.950000,14.350000
068011,42.365833,14.076667
068044,42.266667,14.033333
067001,42.833333,13.916667
068032,42.283333,13.916667
068013,42.344720,13.918721
067005,42.596390,13.735610
067034,42.523056,13.553333
067023,42.583333,13.483333
068002,42.300000,13.966667
067038,42.833333,13.716667
068041,42.455010,14.139880
068006,42.466667,14.100000
068015,42.466667,14.016667
067040,42.550000,14.116667
068030,42.400000,14.050000
068029,42.250000,13.883333
068020,42.233333,14.033333
067024,42.553889,13.536667
067018,42.553094,13.686453
069098,42.297839,14.232700
068019,42.441795,13.822382
067021,42.833333,13.833333
068026,42.333333,13.983333
067032,42.650000,13.900000
067030,42.750000,13.883333
068038,42.233333,13.983333
067020,42.850000,13.816667
067045,42.550000,13.650000
068017,42.308333,13.933111
068046,42.380169,13.859156
068023,42.416667,13.866667
068036,42.177040,13.959590
067008,42.726131,13.686089
067010,42.550000,13.716667
068035,42.322270,14.045550
067035,42.616667,14.066667
067042,42.816667,13.783333
068021,42.434722,13.983611
068025,42.433333,14.050000
067027,42.550000,13.883333
068014,42.366667,13.883333
067019,42.872300,13.869870
068039,42.265750,13.996650
067029,42.666667,13.916667
069096,42.266667,14.416667
069101,42.329840,14.236890
067039,42.783333,13.800000
069099,42.111589,14.708219
069097,41.916667,14.616667
067043,42.660000,13.658056
067003,42.502256,13.784519
068022,42.257778,14.059722
068034,42.216667,14.033333
068018,42.516667,13.966667
068016,42.275171,13.873535
067017,42.771944,13.666667
067022,42.621860,13.507740
067047,42.885133,13.915992
068027,42.450000,13.916667
068007,42.150000,14.016667
068031,42.475556,13.989444
067036,42.683333,13.533333
068008,42.333333,13.866667
067015,42.583333,13.866667
067025,42.752517,13.956686
068042,42.216667,13.916667
067009,42.650000,13.800000
068010,42.350000,13.950000
067033,42.600000,13.766667
069093,41.866667,14.533333
067011,42.677117,13.817817
067006,42.750000,13.800000
068012,42.516667,14.050000
067007,42.533333,13.800000
068005,42.216667,13.816667
068043,42.253663,13.933495
067046,42.733333,13.500000
067012,42.488889,13.712500
067044,42.800000,13.916667
068045,42.333333,13.900000
068009,42.236944,13.898333
067028,42.583333,13.633333
068033,42.170833,13.831667
069100,42.166667,14.566667
067002,42.836944,13.740278
015014,45.575000,9.469444
067013,42.533333,13.883333
097021,45.816667,9.300000
067004,42.583333,13.983333
069092,42.033333,14.416667
069095,42.016667,14.266667
068037,42.116667,14.016667
068024,42.511850,14.137290
068040,42.248492,14.093270
067026,42.507500,13.657778
015032,45.533333,9.183333
013097,45.816667,9.266667
027033,45.629758,12.564142
013159,45.680577,8.949403
013157,45.785458,9.146079
023081,45.419550,11.245940
013160,46.112500,9.275833
013147,45.783333,9.250000
023064,45.336500,11.246611
023073,45.416667,11.100000
023033,45.639600,11.000570
026075,45.850000,12.283333
023025,45.189360,11.216610
013229,45.866667,9.300000
024107,45.716667,11.316667
026070,45.706100,12.491300
023042,45.440200,11.132400
023066,45.266667,11.450000
023080,45.616667,11.133333
023032,45.240920,10.968500
026027,45.950000,12.116667
023040,45.269200,11.010700
023047,45.483333,11.133333
027016,45.783333,12.916667
023050,45.416667,11.283333
013111,46.050855,9.195544
023036,45.572500,10.671667
026025,45.833333,12.033333
023065,45.266667,11.250000
023082,45.400000,10.850000
024096,45.683333,11.383333
026055,45.666667,12.150000
023071,45.383333,11.033333
023068,45.250000,11.083333
024078,45.766667,11.433333
024018,45.611836,11.507580
013184,45.965550,9.125113
023027,45.316667,11.383333
024057,45.745556,11.655278
027018,45.833333,12.833333
023061,45.283333,11.400000
013085,46.066667,9.150000
024034,45.616667,11.350000
023069,45.400000,11.283333
023062,45.566667,10.816667
013248,46.064084,9.268095
023096,45.350000,10.850000
024105,45.707222,11.478611
013133,45.700000,9.033333
023053,45.179030,11.063770
013090,46.129990,9.281690
013144,45.842827,9.047196
013201,45.666667,9.050000
023076,45.516667,10.883333
013100,45.700000,9.000000
023054,45.283333,10.883333
023084,45.216667,10.983333
023085,45.173833,11.398611
023045,45.766667,10.816667
013114,45.733333,9.016667
023060,45.347300,10.880560
013163,45.700183,9.133480
065094,40.532090,15.373450
026049,45.779722,12.608611
023063,45.483333,11.283333
023058,45.483333,10.866667
027044,45.453673,12.453845
023048,45.240840,11.334870
027023,45.437510,12.132900
023044,45.192870,11.311480
023041,45.290278,11.200000
026043,45.561944,12.236389
013134,45.816667,9.250000
013089,46.150000,9.333333
023055,45.300000,11.183333
024119,45.716667,11.466667
024077,45.739997,11.626747
026026,45.903583,12.112299
023051,45.309550,10.817920
023059,45.438611,10.688611
024001,45.333333,11.583333
023067,45.600000,11.066667
026051,45.780833,12.492778
013203,45.966667,9.166667
065093,40.550000,15.450000
013118,45.733333,9.216667
023089,45.350000,10.733333
023023,45.540090,10.770480
026092,45.983333,12.300000
023038,45.516667,11.016667
024067,45.600000,11.583333
013226,46.171460,9.352260
027013,45.583333,12.683333
013236,45.916048,9.187740
023056,45.324730,11.156350
026031,45.883333,12.483333
013193,45.816667,9.283333
023094,45.316667,10.933333
023083,45.433333,10.833333
013092,46.166667,9.266667
033040,44.950000,9.733333
017016,46.093889,10.334444
050039,43.400000,10.866667
047012,43.901710,10.689781
050012,43.481944,10.642778
033025,44.833333,9.733333
050022,43.674444,10.750278
047021,43.888824,10.708848
033046,45.026005,9.997061
017014,45.516667,10.416667
050036,43.525556,10.680833
050014,43.566667,10.516667
017012,45.683333,10.400000
047013,43.878889,10.795000
050034,43.471430,10.562690
017003,45.650000,10.350000
050024,43.605833,10.772778
033045,44.916667,9.666667
047020,43.900000,10.833333
050005,43.590000,10.669722
033030,44.616667,9.333333
050033,43.720200,10.772700
017011,45.400000,10.050000
017008,45.450000,10.116667
017023,45.533889,10.307778
050028,43.616667,10.633333
033035,44.950000,9.683333
017010,45.823100,10.463960
033036,44.867350,9.642260
017007,45.850556,10.161944
050002,43.729722,10.586667
033024,45.016667,9.566667
033048,45.000000,9.400000
017009,45.430000,10.185400
017022,45.946111,10.198889
017002,45.617900,9.962500
050016,43.472222,10.729444
033047,44.665510,9.287950
017027,45.989444,10.342778
017013,45.330556,10.127778
033033,44.930353,9.408990
017017,45.931667,10.280556
017030,45.640286,10.155672
050025,43.550000,10.716667
033023,45.000000,9.616667
033027,45.083333,9.933333
017004,45.266667,10.150000
050001,43.707222,10.620556
017018,45.936667,10.294167
050020,43.333333,10.633333
017032,45.458100,10.414600
050011,43.216667,10.900000
050006,43.297500,10.616667
050038,43.699139,10.583111
017025,45.601603,10.249504
050019,43.393611,10.749722
033039,45.057931,9.548950
017006,45.892222,10.148611
017005,45.766667,10.500000
033026,44.816667,9.816667
050031,43.762500,10.441389
050010,43.412778,10.577222
050032,43.683333,10.850000
050021,43.183333,10.716667
050029,43.662500,10.632778
050008,43.680000,10.500278
017021,45.476111,10.240000
047017,43.847500,10.983333
033038,44.900000,9.600000
050015,43.313611,10.633333
033018,45.000000,9.933333
050035,43.700000,10.683333
017020,45.347980,9.968170
033020,44.643850,9.496570
033028,44.716667,9.700000
050023,43.500000,10.516667
017031,45.616667,10.316667
033042,45.068995,9.495978
050037,43.783333,10.383333
017015,45.502222,10.041389
017028,45.958611,10.305556
017001,45.306970,10.413430
033021,44.933333,9.900000
033019,44.716667,9.566667
033043,44.866667,9.550000
050030,43.366667,10.600000
033034,44.925278,9.494167
017026,45.450000,10.050000
033041,45.016667,9.950000
017024,45.783333,10.266667
047018,44.105480,10.995390
017019,45.666667,10.333333
050027,43.299722,10.873611
050003,43.724444,10.519167
033037,45.000000,9.783333
033022,44.960062,9.548964
050004,43.683520,10.616530
033044,44.800000,9.833333
050009,43.700000,10.750000
018180,45.216667,9.366667
018058,45.133333,9.383333
018154,45.034840,8.742590
108025,45.673070,9.081280
019021,44.985833,10.414722
108018,45.633333,9.083333
097077,46.085330,9.333333
018042,44.850000,9.083333
019032,45.266667,10.000000
012005,45.683333,8.733333
014070,46.166667,9.950000
019004,45.312869,9.921597
015134,45.498180,8.876350
014021,46.168385,9.483505
025051,46.458966,12.205742
012127,45.700000,8.916667
015224,45.483333,9.466667
108037,45.722495,9.278348
018148,45.133333,8.733333
018001,45.166667,8.883333
020047,45.006579,10.980460
018113,45.052777,8.814706
018135,45.237452,9.186955
018168,45.150000,8.666667
018162,45.150000,9.166667
018137,45.150000,9.133333
025048,46.083884,12.043238
018088,45.096981,8.736877
018129,45.233333,9.283333
020037,45.033333,10.766667
020045,45.196667,10.793889
019107,45.150000,10.283333
015150,45.350000,8.950000
019068,45.183333,10.100000
014004,46.150000,10.133333
018175,45.110940,9.181593
019085,45.266667,10.083333
018107,45.300000,8.533333
012023,45.765833,8.796389
014006,46.078767,9.589200
025039,46.428709,12.375297
015016,45.533333,9.450000
018143,44.983333,9.300000
018153,45.083333,9.300000
025004,45.983900,11.759300
015051,45.550000,9.333333
019077,45.200000,10.050000
018063,45.183333,9.316667
018097,45.033333,9.300000
015192,45.416667,9.266667
018066,45.100000,8.816667
020068,45.133060,11.015119
018017,44.933333,9.200000
012002,45.716667,8.800000
108026,45.650000,9.316667
020012,45.200000,10.366667
019056,45.133333,10.116667
108036,45.600000,9.416667
014056,46.135556,9.487222
020011,45.250000,10.483333
015087,45.488202,9.024700
018086,45.250000,9.083333
018126,44.912927,9.095880
018128,44.833333,9.333333
025047,46.570720,12.586001
012107,45.704270,8.816530
018131,45.016667,9.350000
018117,44.850000,9.100000
098040,45.336667,9.469722
014022,46.150000,9.566667
012051,45.896400,8.664900
019041,45.366667,9.533333
018024,45.061944,9.261111
012096,45.800000,8.883333
097076,45.737222,9.337500
025059,46.300000,12.016667
019074,45.072118,10.129843
014001,46.102930,9.590460
014051,46.166667,9.916667
014049,46.159600,9.934950
012139,45.866667,8.900000
097060,45.950000,9.266667
108034,45.586403,9.225943
012065,46.016667,8.783333
108004,45.633333,9.316667
018089,44.800000,9.283333
025008,46.446715,12.380385
014024,46.133333,9.533333
098050,45.238889,9.409722
014054,46.286797,9.427123
025044,46.433868,11.977162
025040,46.183000,12.279100
015103,45.404840,9.034880
020010,45.266667,10.400000
025016,46.538333,12.137351
097065,45.951990,9.442230
098014,45.219722,9.695278
019079,45.400000,9.733333
012086,45.966667,8.850000
018035,45.366667,8.800000
046036,44.014835,10.391052
071039,41.550000,15.133333
046037,44.233333,10.300000
020071,45.050000,10.750000
097092,45.738611,9.362222
048052,43.630795,11.462946
001316,45.148333,7.707778
021088,46.890747,11.856660
022242,46.298140,11.026710
021101,46.691101,11.154223
093053,46.002200,12.847700
048053,44.010965,11.331349
033049,44.905000,9.326389
022248,46.066667,10.983333
021111,46.740386,11.634569
022249,46.316667,11.050000
082039,37.666667,13.233333
034050,45.016667,10.083333
016253,45.816667,9.600000
038028,44.827222,11.461111
022246,45.984167,10.669444
013251,45.810897,9.007753
021081,46.783454,11.903071
022239,46.035278,10.752222
078087,40.053809,16.446088
051042,43.478584,11.684990
021100,46.468610,11.525450
041068,43.827800,12.801700
078027,39.150000,16.300000
042050,43.671900,13.106300
020061,44.989196,11.318454
030188,45.879700,13.042500
021107,46.899995,11.459301
047023,44.100278,10.756389
002171,45.757100,8.311700
022244,46.079020,10.716130
034049,44.945594,10.279947
078156,39.291556,16.408611
010040,44.344519,9.398547
021085,46.559070,11.715491
082058,37.811944,13.999167
022235,46.183333,11.233333
021087,46.690046,11.186563
022236,46.000000,11.200000
089008,37.116667,14.950000
097093,46.080500,9.342300
021091,46.704535,10.910618
103078,46.057778,8.215833
047024,44.055556,10.790833
018191,45.043900,8.914100
025072,46.126300,12.352500
021102,46.321810,11.349820
021116,46.667941,11.598081
006192,45.000000,8.800000
051040,43.621266,11.554393
078157,39.583796,16.576481
021109,46.812021,12.228650
022241,46.183333,11.216667
082036,37.800000,14.200000
022231,46.077500,10.909500
025073,46.348700,12.183000
097091,45.665860,9.437690
021083,46.783939,11.226799
098062,45.201635,9.741096
043058,43.062169,13.084419
012142,46.068229,8.776016
022247,46.066667,10.750000
013252,45.980960,9.202840
022237,46.400000,11.150000
021084,46.586514,11.086361
021099,46.563898,11.169497
082001,37.783333,13.716667
051041,43.801537,11.706735
030190,45.783333,13.416667
049021,42.813444,10.417361
022232,45.948100,10.622100
021114,46.631243,11.539303
022233,46.325938,10.874379
024123,45.410000,11.474200
020072,45.057490,11.125470
022234,45.943056,10.641389
008068,43.927778,7.844444
013254,45.966667,9.083333
022243,46.040672,10.981956
022245,46.177100,11.829800
021113,46.737901,12.169185
022230,46.301940,11.080480
021080,46.811893,11.247136
002170,45.883330,8.000000
018192,45.150000,9.366667
013253,45.984800,9.027100
021096,46.828800,11.776016
021105,46.413995,11.305077
099029,43.916667,12.550000
022238,45.890600,10.601300
006187,44.662778,8.501667
022250,46.430262,11.686795
021103,46.645612,10.464153
030191,46.533232,13.042915
022240,46.066360,11.523570
083056,38.132350,14.946480
013009,45.766667,9.200000
013015,45.916667,9.266667
013005,45.800000,8.933333
013024,45.833333,8.950000
013007,45.766667,9.183333
022102,45.933333,11.266667
013059,45.766667,8.950000
013037,45.871164,9.225175
022001,45.760720,11.004580
013023,45.783333,8.916667
013035,45.675860,9.171229
013052,45.846981,9.224419
058092,42.025750,12.994360
022021,45.806490,10.550270
013022,45.781944,8.943333
013013,45.861299,9.269451
058098,42.033333,12.716667
022015,46.080410,11.553960
058119,41.816667,12.800000
013021,46.033333,9.183333
058094,41.983333,12.933333
058096,42.016667,12.833333
058080,42.258056,12.571667
022017,46.022570,10.823680
058105,42.150000,11.933333
013077,46.050000,9.133333
022002,46.150000,11.200000
058110,41.783333,12.916667
058108,41.933333,13.233333
058083,42.058750,12.996610
021040,46.422819,11.334771
058093,42.100000,12.450000
013012,45.716667,9.216667
058102,41.683333,13.016667
013063,45.950000,9.083333
013028,45.697222,9.061111
013250,45.987500,9.261944
013053,45.760410,9.074027
058112,42.017820,12.896910
022022,46.050000,11.450000
058089,41.910520,13.023790
058106,42.233333,12.616667
008053,43.818594,7.649653
058079,41.669306,12.502083
058097,42.033333,11.850000
013032,45.816667,9.100000
058088,41.783333,12.766667
013025,45.966806,9.103366
013034,45.750000,9.000000
022007,45.733960,10.939380
013047,46.050000,9.150000
013043,45.766667,9.116667
013042,45.850000,9.266667
013026,45.833333,9.100000
058084,41.950000,13.016667
022018,46.118474,10.771860
058082,42.200000,12.483333
058103,41.933333,13.100000
013045,45.685833,8.939167
013068,45.700000,9.016667
022013,45.941944,11.108611
058109,42.083333,12.966667
013064,45.700000,9.083333
058085,41.850000,12.950000
013055,45.750000,9.033333
013046,45.700000,9.116667
013062,46.083333,9.116667
013065,45.838056,9.075833
094047,41.583333,14.466667
058090,41.866667,13.066667
013074,45.957778,9.155556
013071,46.000000,9.083333
013006,45.783333,9.200000
022026,46.411815,10.970899
022003,45.973826,11.093711
013010,45.738333,8.979722
058081,42.091111,12.522778
013003,45.800000,9.183333
058095,41.916667,12.866667
013029,45.750000,9.183333
022005,46.166667,11.004444
058107,42.150000,12.250000
058086,41.761970,12.706867
013004,45.800000,9.166667
070066,41.583333,14.750000
013011,45.943333,9.128333
022025,45.816667,10.950000
013036,45.716667,9.033333
058099,42.233333,12.516667
058100,41.883333,12.983333
058101,42.000000,12.950000
058113,42.100556,13.007500
013058,45.833333,9.233333
013044,45.866667,9.116667
013030,45.900000,9.133333
013040,45.970833,8.970833
067031,42.820000,13.816944
068004,42.317049,13.861441
067014,42.533333,13.916667
054017,42.982129,12.419753
004193,44.636111,8.175000
004157,44.683333,7.283333
004158,44.611734,7.425725
004191,44.333333,7.450000
004167,44.350000,7.033333
004165,44.372778,7.712500
004192,44.316667,7.483333
054014,42.899572,12.435981
004151,44.416667,7.916667
054008,42.823033,12.672453
004154,44.683333,7.183333
004173,44.416667,7.283333
004122,44.566667,7.316667
004121,44.626667,7.366389
100003,43.927778,11.040000
004147,44.600000,7.866667
004150,44.516667,8.083333
004153,44.341300,8.061389
004126,44.333333,7.816667
100006,43.966667,11.116667
100004,43.815526,11.044002
004184,44.416667,8.033333
004155,44.150000,7.916667
004182,44.350000,7.400000
004152,44.583333,7.933333
004189,44.433333,7.750000
004176,44.783333,8.066667
054003,43.013572,12.484562
004169,44.516667,7.900000
004131,44.466667,8.116667
004185,44.300000,7.516667
004140,44.783333,7.933333
004164,44.533333,8.200000
004146,44.753056,7.601944
004159,44.283333,7.916667
004132,44.583333,7.966667
004194,44.683333,7.966667
004166,44.563889,7.454722
004161,44.600000,8.216667
004195,44.583333,8.016667
004148,44.716667,8.116667
100002,43.810270,11.014940
054007,42.718266,13.013566
004187,44.500000,7.333333
004124,44.466667,8.083333
004163,44.333333,7.616667
004142,44.716667,7.950000
004139,44.416667,7.316667
054010,42.821024,12.917266
004180,44.650000,7.383333
004162,44.333333,8.083333
054005,42.820073,12.776922
004175,44.383333,8.100000
004135,44.766667,7.916667
004134,44.316667,7.866667
054011,43.498136,12.116458
004145,44.473333,8.019444
004170,44.700000,7.883333
109038,43.080869,13.492028
004118,44.400000,7.683333
100007,44.050000,11.150000
004138,44.433333,7.383333
004137,44.616667,8.050000
054013,43.457051,12.238213
004179,44.766667,7.683333
004178,44.483333,8.150000
004177,44.244780,8.021490
100001,44.016667,11.083333
004125,44.366667,7.966667
004127,44.317661,7.940111
004181,44.650000,7.350000
004116,44.616667,7.483333
004149,44.683333,8.116667
004190,44.316667,7.750000
004123,44.316667,7.383333
004188,44.450000,7.950000
004129,44.566667,7.916667
004186,44.316667,7.883333
004160,44.433333,8.066667
004174,44.483333,7.050000
004117,44.666667,7.733333
054004,42.933878,12.609063
054016,43.358956,12.711940
054012,42.952150,12.002532
004144,44.428980,7.683807
004183,44.266667,7.450000
004128,44.683333,7.616667
054015,43.128380,12.286218
004133,44.814740,7.954770
004119,44.466667,7.100000
004168,44.733333,7.983333
004130,44.383333,7.816667
004156,44.692591,7.187224
054006,42.995097,12.582716
004171,44.800000,7.600000
004143,44.761370,7.536320
004141,44.383333,8.133333
054009,43.127640,12.053462
004120,44.453858,7.981246
004136,44.466667,7.666667
016198,45.684722,9.717778
016187,45.892989,9.983457
016178,45.733333,9.716667
080019,38.525916,16.028883
078123,39.550000,16.116667
080003,38.433333,16.083333
078114,39.566667,16.366667
078152,39.583333,16.433333
078110,39.316667,16.316667
080001,38.050670,16.133200
078136,39.766667,16.150000
101015,39.083333,16.783333
078147,39.465940,16.946230
078121,39.666667,16.300000
078150,39.866667,16.533333
078126,39.133333,16.116667
078109,39.466667,16.116667
078125,39.850000,15.800000
101025,39.266667,17.066667
101014,39.300000,17.016667
101007,39.383333,17.066667
078116,39.338049,16.143207
080024,38.116371,16.105100
080007,38.283333,15.816667
078122,39.316667,16.050000
080022,38.083333,15.766667
078117,39.604167,15.914167
101019,39.188333,17.004167
078112,39.433333,16.116667
101011,39.423611,17.003333
078140,39.083333,16.133333
078142,39.666667,16.316667
101012,39.034167,16.981944
080017,38.433333,16.483333
078127,39.362427,16.336353
101022,39.150000,16.916667
101009,39.166667,16.783333
078120,39.883333,16.333333
080018,38.216667,15.666667
080010,38.483333,16.450000
078146,39.650000,16.333333
080012,38.150000,16.166667
101018,39.133333,16.866667
080009,38.091700,16.151590
078115,39.716667,16.033333
078118,39.604324,16.463329
080014,37.963889,16.101111
080005,38.183333,16.166667
078124,39.483333,16.100000
080023,38.183962,16.056233
080013,37.933333,15.916667
080016,38.183333,15.716667
078111,39.809600,16.163280
078132,39.750000,15.833333
101005,39.266667,16.766667
078106,39.400000,16.283333
101008,39.366667,17.116667
080026,38.250000,16.133333
078135,39.366667,16.150000
080004,38.282480,16.158974
078138,39.804859,15.796860
080015,38.016667,16.083333
078133,39.550000,16.333333
101027,39.316667,16.866667
078145,39.616667,16.266667
080027,38.416667,16.100000
101001,39.206740,16.892330
078148,39.500000,16.150000
101006,39.250000,16.783333
078129,39.583333,16.066667
101004,39.250000,16.950000
078130,39.816667,15.850000
078154,39.850000,16.450000
080008,38.183333,16.133333
101013,38.966667,17.100000
080020,38.316667,16.200000
078155,39.319283,16.279152
080029,38.000000,15.866667
101020,39.100000,16.916667
078131,39.616667,15.983333
101016,39.300000,16.900000
101003,39.306497,16.975925
078134,39.203722,16.374576
080021,38.100000,16.083333
078128,39.666667,16.033333
078153,39.750000,15.916667
078119,39.264167,16.700278
080025,38.383333,16.416667
101026,39.353239,16.918000
078149,39.941303,15.805176
078113,39.583333,16.416667
101023,39.316667,16.783333
080002,38.300000,16.216667
080011,37.994944,15.932389
101024,39.116667,16.966667
080006,38.033333,15.816667
080028,38.350000,16.083333
078107,39.983333,16.600000
101017,39.116667,16.783333
101021,39.281935,16.978074
101002,39.233333,16.783333
078143,39.300000,16.350000
078137,39.450000,16.883333
016224,45.718889,9.609444
047006,43.827880,10.857915
016236,45.726389,9.894444
016172,45.569167,9.567222
016216,45.700000,9.772222
016206,45.582778,9.669167
016235,45.683333,9.966667
016230,45.890833,9.539722
016186,45.833333,9.516667
016167,45.586944,9.640833
016182,45.857500,10.133056
016221,45.783333,9.616667
016229,45.977500,9.534722
016185,45.780362,9.542844
016173,45.746667,9.783056
016184,45.950000,9.750000
016222,45.597222,9.695000
016219,45.521389,9.592778
016245,45.639444,9.684167
016171,45.734006,9.506439
016203,45.707222,9.499167
016223,46.037778,10.013056
016251,45.677143,9.488937
016244,45.688333,9.852500
016246,45.793889,9.665556
033014,45.100335,9.986716
016169,45.733333,9.650000
033001,44.950000,9.516667
047009,43.866667,10.816667
047010,43.933333,11.016667
033007,44.966667,9.833333
047003,43.876389,10.734444
016232,45.601944,9.608889
016200,45.783333,10.016667
016242,45.666667,9.933333
016199,45.866667,9.733333
016213,45.683333,9.533333
033010,45.050000,9.866667
047005,43.816667,10.900000
047022,43.838084,10.716090
016175,45.896999,9.850059
016205,45.764000,9.919300
016190,45.833333,9.666667
016194,45.711389,9.735833
016188,45.866667,9.650000
016183,45.516667,9.750000
016214,45.716667,9.700000
016193,45.666667,9.950000
016191,45.983333,9.616667
016220,45.672778,9.615556
016212,45.633333,9.850000
016207,45.650833,9.652778
033016,44.750000,9.416667
016225,45.966667,9.916667
016240,45.721667,9.735000
033012,44.850000,9.866667
016241,45.900000,9.933333
016227,45.950000,9.690556
033006,45.016667,9.450000
033003,44.983333,9.950000
047008,43.916667,10.750000
016170,45.697778,9.588056
033002,44.900000,9.966667
033017,44.715767,9.360289
033011,44.916667,9.783333
016174,45.683333,10.016667
016210,45.900000,9.566670
016201,45.880150,9.989792
033008,45.083333,9.600000
016189,45.689167,9.803056
016209,45.655700,9.500300
033013,45.059067,9.434178
016243,46.000000,10.100000
016177,45.466667,9.866667
016238,45.716667,9.466667
016239,45.750000,9.616667
033015,44.683333,9.350000
016168,45.866667,9.883333
016218,45.700000,9.850000
016196,45.781944,9.623611
016204,45.816667,10.033333
016237,45.716667,10.016667
016179,45.783333,9.933333
016252,45.809300,9.537300
016195,46.016667,10.150000
047002,43.900000,11.000000
016234,45.816667,9.850000
016208,45.766667,9.583333
016233,45.605000,9.629722
016202,45.737500,9.656389
016226,46.033333,9.750000
033004,44.778260,9.608570
047007,43.933333,10.766667
016197,45.783333,9.750000
016176,45.691389,9.566389
016180,45.766667,10.033333
016211,45.716667,10.050000
022009,46.129764,11.244633
058087,42.050000,12.900000
022011,46.166667,11.300000
064047,40.903611,14.584722
064036,41.007778,15.073333
064002,41.008056,14.782222
064070,40.966667,15.033333
102039,38.600000,16.233333
064076,40.947200,14.638200
064019,41.027222,15.209722
064053,40.962500,14.884722
064055,40.966667,14.816667
064035,41.011792,15.099625
064029,40.866944,14.779722
064027,41.047222,14.790000
064041,41.052222,15.424722
064084,40.877829,14.842890
102045,38.650000,16.283333
064040,40.954722,15.209722
064081,40.912958,14.898237
102041,38.600000,16.333333
064020,41.235000,15.007500
102035,38.666667,16.283333
064018,40.961389,14.778056
064038,41.070833,15.059722
102038,38.616667,16.333333
064009,40.834167,15.073333
064007,40.960000,14.601389
064049,40.923056,14.742778
064016,40.943333,14.875000
064013,40.897778,15.371111
064045,40.988333,14.991667
064074,40.983333,14.833333
064039,40.973611,14.787778
064017,40.815278,15.224167
064063,40.930000,15.243611
064056,41.033333,14.850000
064057,40.850000,15.016667
064065,40.932919,14.662743
064014,40.783333,15.224722
064067,40.933333,14.750000
012130,45.616667,9.000000
064021,40.871389,15.026667
064068,40.900000,14.600000
064030,40.858600,15.336450
064043,40.879167,14.633056
064083,41.026600,14.665400
064064,40.866667,14.666667
061050,41.318056,14.048056
102044,38.675380,15.894790
064023,40.932222,15.044167
064048,41.104167,15.053333
064034,40.863611,14.736944
102040,38.617933,16.207087
064025,41.021389,14.615278
064044,40.877500,15.188611
064058,40.916111,14.998333
064085,41.058889,15.198889
064032,41.078889,15.148611
102034,38.650000,16.100000
064060,40.999722,15.535000
102048,38.660553,15.944781
064031,40.881111,14.588611
064073,41.000000,14.733333
102037,38.583333,16.333333
064006,40.916667,14.825556
064071,41.033333,14.800000
064054,40.892778,14.719444
064079,40.950000,15.166667
064078,41.016667,14.716667
102043,38.663591,16.152681
064015,40.901111,15.433333
064003,40.938333,15.325833
064046,40.942500,14.850556
064024,40.929722,14.986944
064075,40.983333,14.850000
064051,41.249722,15.249167
064010,40.953611,14.617500
064012,41.098611,15.002222
102050,38.650000,15.983333
064059,41.016667,14.900000
102046,38.633333,16.250000
064004,40.987778,15.475278
064066,40.886944,15.083889
064005,41.152778,15.088889
064069,40.933333,14.883333
064033,41.019167,15.021389
102049,38.700000,15.983333
102042,38.616667,15.900000
064037,41.252778,15.170000
064001,40.890000,14.821667
064011,41.013056,15.375556
064022,41.048333,15.189722
064026,40.898056,14.828611
064080,41.032500,14.595833
102036,38.700000,16.150000
064042,40.982222,14.947222
064028,40.934167,14.917222
064077,40.866667,14.650000
064072,41.050000,14.883333
064082,40.966667,14.966667
064052,41.196667,15.034167
064050,41.045833,14.999722
087033,37.566750,14.902540
087026,37.723260,15.115589
087056,37.083333,14.566667
085014,37.683333,14.033333
083002,38.026944,15.416944
084040,37.624167,13.491389
082005,38.044722,13.298611
084041,37.509167,13.088889
087010,37.822778,15.227778
087053,37.609444,15.096389
085009,37.300000,14.200000
087036,37.466667,14.533333
087043,37.283333,14.433333
021065,46.598216,11.532510
084037,37.435833,13.557778
021060,46.346870,11.297470
084039,37.480833,13.546389
087035,37.806667,15.179167
085012,37.579444,13.752500
087019,37.560357,15.061781
081011,37.798056,12.434167
085022,37.650000,13.833333
087022,37.833333,14.866667
087045,37.558333,15.080556
021058,46.430234,11.538951
087032,37.333333,14.750000
085011,37.454310,13.816840
083003,38.007222,15.426389
085016,37.483333,13.983333
087051,37.575700,15.073200
087027,37.266358,14.691061
087017,37.726389,15.187500
021070,46.880128,11.376056
087052,37.578975,15.124800
021054,46.831832,11.167293
087044,37.569110,15.023200
087013,37.500000,14.650000
021064,46.656575,11.041498
085008,37.600000,13.916667
085013,37.150000,14.383333
021059,46.413993,11.425181
084043,37.589167,13.290000
087020,37.150000,14.700000
087038,37.877360,14.950120
087058,37.633333,14.933333
087054,37.166667,14.750000
021074,46.795946,11.666827
087018,37.216667,14.633333
021079,46.535035,11.331384
085003,37.183333,14.183333
087012,37.567550,15.005130
087009,37.800000,14.833333
087042,37.565090,15.111630
084038,37.692778,13.021111
087014,37.882778,15.122500
021053,46.330330,11.300270
085017,37.600000,14.033333
082004,38.042222,13.550278
087024,37.573668,15.051760
021067,46.617086,10.591662
087050,37.616111,15.078889
087007,37.586111,14.977222
021072,46.540390,11.457027
087028,37.333333,14.450000
085006,37.350000,13.933333
087039,37.731831,15.205761
021068,47.040741,12.105891
087046,37.750000,15.133333
087048,37.683333,15.133333
087049,37.300000,14.850000
085005,37.516667,13.700000
085020,37.524400,13.735278
021073,46.703640,11.181443
087030,37.500000,14.966667
099025,43.896356,12.343331
087016,37.791460,15.209190
087025,37.274234,14.793333
021069,46.477426,11.022437
087011,37.233333,14.516667
087023,37.757778,15.195833
021077,46.732872,12.279167
085015,37.283333,14.083333
021066,46.607583,11.193324
087057,37.866667,14.800000
085019,37.336944,13.997500
087031,37.617222,15.024167
085021,37.683333,13.816667
085018,37.453840,13.880460
087029,37.518333,15.006944
021075,46.777426,11.690597
087040,37.289920,14.367090
085002,37.466667,13.783333
087047,37.616667,14.888889
087034,37.618333,15.060833
087041,37.578889,15.095556
087037,37.383333,14.700000
087008,37.645278,14.863611
021055,46.543487,11.204627
091103,39.796535,9.626770
113015,40.935833,9.174722
022184,46.116667,10.750000
021006,46.610124,11.893487
021012,46.404460,11.319510
084003,37.407383,13.618944
022181,46.233333,11.033333
022202,46.066667,11.450000
091088,40.042466,9.496822
116009,39.792413,9.517679
113013,40.843895,9.495857
022188,46.066667,11.483333
116007,39.952050,9.660980
091100,39.810118,9.394856
022196,46.289338,11.511340
091006,40.030933,9.664321
021010,46.938906,11.445172
022203,45.834595,11.125678
021019,46.567843,11.559685
091101,39.958537,9.507980
113026,40.985746,8.914182
021018,46.628306,10.901760
021005,46.644615,11.224384
084031,37.267778,13.969722
021002,46.517910,11.231410
113024,40.883333,9.350000
022189,46.066667,11.466667
113019,40.766667,9.516667
091099,40.092945,9.507594
113002,41.078834,9.112945
022182,46.050000,10.850000
113008,40.578238,9.258213
021022,46.639924,11.566350
091042,39.969622,9.662948
022210,45.782800,11.117880
091069,39.822447,9.496694
083107,38.050000,14.583333
022209,46.250000,11.350000
115001,40.125833,8.819444
087001,37.595519,15.109514
091089,39.696357,9.578876
021003,46.278100,11.366650
113005,40.965556,8.883611
087006,37.662500,14.835556
113023,40.991949,9.301729
022199,46.009363,10.723195
087005,37.605893,15.126048
116008,39.892221,9.546604
091005,39.841363,9.647198
113022,41.239157,9.188776
021020,46.634619,11.146564
084013,37.350000,13.751111
022213,46.300000,10.683333
091002,39.917768,9.528751
113020,41.183333,9.383333
021016,46.876138,11.485606
021014,46.699480,11.169487
091019,39.899498,9.530726
085001,37.566667,13.700000
022200,46.266667,11.083333
091097,40.036026,9.640675
087003,37.601667,15.141944
091026,39.846462,9.506671
022193,45.883333,11.150000
113016,40.806921,9.326635
084024,37.393889,13.351667
021021,46.809381,11.840872
021009,46.720352,12.132884
021112,46.605366,11.226271
022191,45.919444,10.832222
021007,46.602690,11.519560
021001,46.366667,11.350000
083058,37.895690,15.172180
022180,46.216667,11.050000
021023,46.489913,11.408388
111081,39.838595,9.324303
021017,46.919236,11.955182
022190,46.016667,11.266667
112006,40.553086,8.729796
113001,40.929483,9.064429
113003,40.651374,9.329238
113018,40.719030,9.101486
113010,40.922222,9.194722
083072,37.970556,15.390000
113009,40.703806,9.707107
091072,39.679976,9.440174
022179,46.103600,10.739370
113011,41.003836,9.614883
113014,41.050262,9.205985
113007,40.891667,9.042778
087002,37.555278,15.145278
022224,45.917180,11.063510
113012,41.214240,9.408330
084014,37.441944,13.392778
091039,39.857574,9.582996
022222,45.916667,11.033333
091098,39.811701,9.498968
022195,46.361309,10.926108
113006,40.785806,9.165773
036016,44.296389,10.571111
036014,44.179951,10.647733
016078,45.973333,10.080556
016050,45.785556,9.566667
036011,44.212450,10.796600
036029,44.321667,10.646944
016082,45.833333,9.550000
016084,45.666667,9.800000
016070,45.779444,9.825833
016058,45.748550,9.906270
016086,45.830556,10.099167
034010,44.930000,10.375833
036042,44.416667,10.800000
010053,44.371758,9.311625
016081,45.622778,9.663611
016049,45.575278,9.538889
016060,45.816389,9.866667
016044,45.508333,9.850833
016076,45.550000,9.816667
036020,44.457222,10.971944
036026,44.269444,10.945833
036047,44.347264,10.990407
016053,45.497778,9.643056
036027,44.677671,11.043007
034006,44.488028,9.767278
036018,44.307263,10.731777
034009,44.752694,10.215694
036035,44.233333,10.650000
034005,44.717694,9.791778
036031,44.212563,10.617390
036034,44.716667,11.100000
016072,45.666389,9.527500
034003,44.500000,9.633333
016074,45.743056,9.470833
016247,45.832420,9.741937
016047,45.495000,9.599444
034002,44.633611,9.731111
034008,44.600556,10.122028
016065,45.802990,10.067060
034001,44.446920,9.702280
016046,45.683333,9.483333
036045,44.533333,11.016667
036041,44.483333,11.033333
016066,45.633333,9.766667
036007,44.551944,10.935833
084042,37.335556,13.422500
034004,44.510608,9.989655
036038,44.891667,10.996389
016063,45.552725,9.619373
016051,45.611290,9.527690
036032,44.350000,10.716667
036015,44.573889,10.847778
036039,44.787930,11.022750
036046,44.480833,11.002222
016068,45.711667,9.822222
016043,45.621200,9.800300
016083,45.538980,9.787860
016052,45.745280,9.481748
036022,44.887270,11.066030
016067,45.816667,9.883333
016061,45.966667,9.612222
016090,45.990833,9.602500
016249,45.850000,9.750000
016073,45.650000,9.850000
016064,45.900000,10.033333
036006,44.596667,11.052778
036010,44.912380,10.982560
036030,44.332701,10.833118
010063,44.416364,9.195906
036025,44.350000,10.616667
036033,44.436944,10.690833
016048,45.900000,9.650000
036017,44.425000,10.963056
016055,45.666667,9.833333
036043,44.233333,10.766667
034007,44.980833,10.042500
036012,44.831850,11.295740
016080,45.830026,9.828113
036013,44.539190,10.811730
036009,44.837030,11.030710
016071,45.867621,9.994128
016075,45.583333,9.600000
016079,45.583333,9.700000
036024,44.250000,10.716667
016077,45.883333,9.950000
016069,45.700000,9.816667
016085,45.800000,9.500000
036019,44.526389,10.866667
016087,45.500000,9.766667
036044,44.738056,10.924546
036037,44.839338,11.141312
036036,44.561389,11.033889
016057,45.700000,9.483333
016056,46.022222,9.783889
016089,45.691111,9.612500
036021,44.848840,11.071360
036028,44.893360,10.901010
036008,44.506667,10.947222
016062,45.633333,9.900000
016059,45.500000,9.566667
052011,43.016667,11.950000
037059,44.285426,11.097219
037015,44.166667,11.033333
043042,43.429864,13.664889
043052,43.072181,12.951861
043038,43.044444,13.050278
037040,44.216667,11.316667
052016,43.366985,11.218036
052022,43.466667,11.150000
052026,43.283333,11.600000
064086,40.933333,14.866667
037045,44.400000,11.816667
043050,43.146400,12.949231
037010,44.166667,11.100000
052003,43.133333,11.483333
052005,43.469167,11.288611
037017,44.681111,11.296667
037038,44.617500,11.471667
037016,44.433333,11.683333
052008,42.966667,11.900000
052009,43.066667,11.833333
037044,44.283333,11.266667
043030,43.344281,13.567619
043028,43.316911,13.635369
037041,44.296276,11.427457
037003,44.647500,11.535278
037011,44.483333,11.283333
037030,44.554167,11.443889
037009,44.563889,11.271944
037048,44.713056,11.308333
037036,44.333333,11.200000
052021,43.078611,11.678889
052010,43.154611,11.084250
043029,43.411600,13.438681
037012,44.291261,11.535725
052006,43.347222,11.504167
043047,43.228856,13.177103
037026,44.266667,11.566667
043045,43.142731,13.367150
043039,43.178936,12.984931
043046,43.107844,13.316667
052013,43.466667,11.433333
037037,44.483333,11.633333
037025,44.358987,11.627690
052025,43.266667,11.050000
043032,43.032900,13.439600
043040,43.374619,13.079100
052015,43.100000,11.783333
037008,44.537450,11.534390
052023,43.483333,11.383333
052031,42.983333,11.866667
037024,44.716667,11.150000
037005,44.635278,11.418889
052035,43.166667,11.766667
043044,43.398550,13.552531
052028,43.467719,11.043221
052027,42.870278,11.876667
037027,44.200000,10.933333
043048,43.099281,13.395319
043036,43.221410,13.461730
043035,43.055969,13.423250
052030,43.066667,11.600000
043043,43.366250,13.620339
043041,43.267775,13.348139
037028,44.750000,11.400000
037033,44.166667,10.900000
052018,43.133333,11.183333
037034,44.266667,11.316667
043033,43.314600,13.580600
037039,44.616667,11.666667
052017,43.233333,11.416667
052036,43.183333,11.666667
043053,43.208611,13.284100
052012,43.422500,11.126667
043031,43.237900,13.594650
052034,43.283333,11.233333
037020,44.397778,11.589444
052007,43.016667,11.616667
043054,43.311369,13.313053
052037,43.059167,11.489167
052004,43.341111,11.048500
037022,44.150000,11.150000
043034,43.081900,13.044031
037019,44.577778,11.361667
052019,43.171111,11.392222
037035,44.719444,11.533056
052020,42.850000,11.683333
043049,43.035614,13.300731
037047,44.383333,11.333333
052033,43.216667,11.733333
052001,42.883131,11.670647
037014,44.213889,11.504167
037031,44.250000,11.150000
037013,44.276667,11.000278
052024,42.900000,11.766667
037001,44.547222,11.195556
037021,44.509722,11.470556
037007,44.283333,11.583333
052002,43.234167,11.560833
043026,43.363700,13.435850
016014,45.988889,9.631389
038022,44.850000,11.500000
038023,44.766667,11.750000
040044,43.916667,12.150000
040032,44.104167,11.985000
037060,44.488333,11.218056
040003,44.150000,12.133333
043056,42.944131,13.142950
016006,45.748889,9.579722
038014,44.920556,12.230000
016026,45.773889,9.919444
016030,45.681944,9.558611
040009,44.000000,11.933333
016027,45.833333,9.583333
040005,44.184167,11.943889
036003,44.690376,10.838897
040046,44.000000,12.300000
038001,44.614850,11.836810
016029,45.600000,9.583333
040036,44.066667,11.850000
016023,45.813611,9.568333
040049,44.083333,11.750000
016008,45.731667,9.728333
016017,45.978611,10.111944
040033,43.982778,11.784600
037056,44.666667,11.133333
075030,40.150000,18.066667
016016,45.660556,9.675556
016003,45.685833,9.767778
038007,44.900000,11.833333
036004,44.798917,11.154436
040037,44.042300,12.318700
016036,46.005517,9.760000
016028,45.634167,9.816944
038011,44.766667,12.133333
016001,45.700000,9.950000
016032,45.720833,9.893889
038025,44.851800,12.295900
043051,43.176600,13.190550
037057,44.400000,11.250000
016033,45.827500,10.044722
040022,44.166667,11.800000
016031,45.666667,9.561389
040045,44.088056,12.393333
016040,45.533333,9.633333
040016,44.137100,12.404267
016015,45.800556,9.771111
040013,44.183333,12.133333
016012,45.938056,9.930000
038010,44.883333,11.983333
016005,45.736944,9.615278
040020,43.950000,12.200000
016248,45.826185,9.722152
016002,45.714167,9.958333
040008,44.201190,12.400689
016042,45.666667,9.766667
038006,44.700000,12.183333
038018,44.765000,11.483333
016025,45.719167,9.902778
038017,44.728447,11.970556
037051,44.216667,11.233333
036005,44.783333,10.885000
040019,44.133333,12.066667
016041,45.850000,9.500000
040018,44.083333,12.333333
037054,44.471567,11.404859
040011,44.116667,11.883333
040043,43.950000,11.900000
038019,44.700000,11.800000
016035,45.816667,9.716667
038005,44.833333,12.116667
040014,44.000000,11.916667
016037,45.603800,9.555500
037053,44.640833,11.185000
016009,45.717778,9.548611
016007,45.750000,9.587500
016021,45.733889,9.567500
037055,44.700000,11.400000
016013,45.481944,9.563333
016018,45.661944,9.781111
038003,44.889440,11.415420
037052,44.650000,11.383333
038012,44.794580,11.801820
040028,44.083333,12.300000
016010,45.485278,9.788889
016022,45.791389,9.551111
043057,42.930881,13.088450
036002,44.733333,11.033333
040031,44.033333,11.783333
037050,44.630278,11.276111
040050,43.806789,12.051052
016020,45.512580,9.703660
016011,45.576111,9.614167
036001,44.726970,10.998600
040041,44.100000,12.416667
016034,45.639722,9.506389
016019,45.456628,9.771380
038004,44.733333,11.283333
040004,44.032230,12.356180
040015,44.116667,12.333333
017149,45.272222,10.091667
017131,46.080000,10.293333
017173,45.491111,10.217500
035018,44.573555,10.455307
017175,46.081389,10.400556
035011,44.456667,10.520556
099003,43.969060,12.600550
017176,46.055833,10.347778
035039,44.751914,10.471430
017163,45.596944,10.108611
035021,44.866667,10.800000
099022,43.874039,12.309389
099017,43.939300,12.713700
035043,44.600000,10.550000
017155,45.550000,10.416667
035030,44.633333,10.466667
035034,44.816667,10.800000
017169,45.716667,10.116667
017150,45.566667,9.850000
017157,45.683333,10.433333
035029,44.833333,10.550000
017137,45.300833,10.208611
099024,43.819000,12.266600
017140,45.750000,10.366667
017148,46.259444,10.509444
099015,43.872778,12.668611
035008,44.766667,10.600000
017151,45.406944,10.633889
017133,45.600000,9.883333
035009,44.836111,10.754722
017156,45.633333,10.050000
017142,45.844722,10.151944
017159,45.316667,9.983333
017139,45.750000,10.350000
035042,44.483333,10.333333
035027,44.698611,10.448611
035044,44.543729,10.621619
017144,45.666970,10.131397
099001,44.150000,12.450000
017146,45.431977,9.989265
099023,43.895369,12.290419
035036,44.650000,10.783333
017145,45.552222,10.507500
035006,44.900000,10.516667
017158,45.566667,10.510000
035017,44.695640,10.527370
035015,44.816667,10.566667
099011,43.916667,12.650000
035040,44.592500,10.687778
017138,45.371667,10.023611
017147,45.461900,10.177800
035037,44.733333,10.783333
017153,45.666667,10.400000
035016,44.433333,10.400000
035024,44.921389,10.654167
017165,45.527180,10.154070
017132,45.550000,10.400000
017168,45.650000,10.433333
035012,44.589750,10.739420
017160,45.279167,10.372778
017152,45.268333,10.218333
017136,45.600000,10.066667
035010,44.784444,10.532778
017162,45.466667,9.916667
035022,44.800000,10.466667
017164,45.618205,10.498306
099006,43.855900,12.671481
099021,43.791269,12.155181
017130,45.588889,10.077500
099002,43.958444,12.738611
035014,44.513889,10.733889
017135,46.031667,10.371944
035023,44.900000,10.633333
016038,45.717667,9.580647
017166,45.567039,9.998601
035020,44.771667,10.780556
017177,45.243333,10.178056
017206,45.919690,10.225260
035041,44.383333,10.566667
099005,43.966667,12.700000
017129,45.508333,10.516389
017167,45.483333,9.883333
017134,45.661111,9.953333
017143,45.810833,10.108056
017172,45.307222,10.149444
017174,45.650000,10.200000
099004,43.900000,12.583333
099008,43.883333,12.616667
035028,44.850000,10.733333
017171,45.583333,10.550000
035045,44.366667,10.450000
099009,43.858918,12.689088
017141,45.766667,10.233333
099016,43.933889,12.626944
035038,44.633333,10.433333
017170,45.600000,10.533333
017161,45.515000,10.317500
035035,44.883333,10.850000
099013,44.000000,12.650000
035013,44.511111,10.502500
017200,45.350000,9.933333
060021,41.366667,13.750000
060039,41.725000,13.291111
017199,45.633333,10.200000
017193,45.616667,10.400000
099020,43.983333,12.421500
017182,45.683333,10.100000
034013,44.695333,10.241556
060056,41.462600,13.667600
060020,41.683333,13.550000
060063,41.400000,13.766667
099018,44.063260,12.446570
017192,45.516667,9.866667
017205,45.766667,10.116667
017188,45.523972,10.079722
099027,43.904850,12.286356
017201,45.600000,10.450000
060066,41.368056,13.841667
060015,41.700000,13.633333
017178,45.572222,10.366667
060024,41.566667,13.333333
060057,41.700000,13.700000
060048,41.583333,13.250000
060070,41.466667,13.933333
060065,41.383333,13.866667
017190,45.483333,10.016667
060062,41.700000,13.816667
060053,41.828056,13.141667
034012,44.483333,10.083333
060040,41.655020,13.797990
060011,41.620500,13.798439
060009,41.583333,13.383333
060035,41.800000,13.216667
060018,41.633333,13.716667
060068,41.550000,13.866667
060050,41.650000,13.866667
060052,41.500000,13.733333
060010,41.647050,13.611550
060023,41.516667,13.400000
060049,41.749167,13.657500
060013,41.583333,13.816667
060047,41.468056,13.491111
060001,41.542778,13.952222
060031,41.383333,13.683333
017203,45.319300,10.373400
060005,41.466667,13.333333
060029,41.550000,13.700000
060030,41.343056,13.776667
060016,41.733333,13.683333
060044,41.633333,13.516667
060064,41.500000,13.550000
060007,41.476427,13.712063
017186,45.516667,10.116667
060027,41.550000,13.600000
060019,41.491667,13.833333
017187,45.639770,10.607600
034011,44.495444,9.662583
017204,45.641000,10.504500
060045,41.633333,13.200000
060026,41.482780,13.902180
060028,41.766667,13.366667
060032,41.504722,13.523889
017195,45.325833,10.075833
017196,45.333333,10.050000
099026,43.864011,12.208481
017179,45.469444,10.606111
017191,45.712386,10.461367
060017,41.621667,13.725000
060060,41.550000,13.666667
060054,41.433333,13.783333
017181,46.166389,10.353889
060036,41.616667,13.550000
060061,41.616667,13.933333
017202,46.248080,10.448420
060067,41.400000,13.833333
060006,41.750000,13.150000
017180,45.527780,10.512680
060008,41.583333,13.583333
060059,41.583333,13.583333
017197,45.700000,10.400000
060025,41.550000,13.516667
060037,41.667500,13.675000
017183,45.746180,10.239520
060046,41.800000,13.050000
060043,41.683333,13.566667
060055,41.566667,13.416667
060022,41.533333,13.700000
017185,45.733333,10.716667
060004,41.688889,13.744444
083062,38.016667,15.133333
060042,41.800000,13.316667
060014,41.642500,13.473989
060012,41.350000,13.750000
060051,41.451389,13.561667
060002,41.791928,13.173317
060041,41.533333,13.283333
060034,41.883333,13.333333
060058,41.616667,13.433333
017194,45.766667,10.600000
017184,46.249444,10.468889
011011,44.099367,10.017786
009006,43.958556,8.139458
011006,44.223756,9.721406
008012,43.992336,7.958725
008052,43.927822,8.102239
008008,43.778897,7.672128
008043,43.932539,7.663750
008062,43.814011,7.666594
008046,44.069894,7.869408
008004,44.087965,7.914783
022060,46.399693,11.001587
008045,43.940281,8.012300
008034,44.076350,7.805692
022061,46.100147,11.181635
011030,44.135161,9.683853
008019,43.971158,7.993275
011012,44.216667,9.516667
008010,43.975525,7.944803
011025,44.251025,9.757200
008018,44.007953,7.975469
008040,43.866931,7.674350
008037,44.066647,7.817783
008022,43.879306,7.951250
011029,44.378128,9.595825
008002,43.880533,7.660483
083092,38.200000,15.433333
011001,44.067264,9.957542
008063,43.793092,7.643872
008066,44.046317,7.962064
008016,43.879061,7.774600
008044,43.853325,7.888636
022062,46.366667,11.033333
008067,43.967108,8.091508
008009,44.057381,7.981753
008047,43.923817,7.909297
008056,43.837233,7.899311
008051,43.889997,7.600203
008024,43.854575,7.940761
011023,44.153056,9.763889
022068,46.344717,10.904435
009005,44.336200,8.344000
008025,43.948631,8.042253
011018,44.336283,9.534386
008054,43.853375,7.963806
083012,37.957500,15.321944
011026,44.162481,9.915133
008015,43.927856,7.674264
008061,43.992444,7.766361
011008,44.243056,9.836389
008035,43.990314,7.774642
008032,43.879444,7.638897
011014,44.208661,9.554422
011016,44.076261,9.911100
008006,43.915697,7.846997
022064,46.316667,10.833333
011021,44.179014,9.724114
011031,44.141186,9.884922
083074,37.932980,15.008450
008029,43.847978,7.623817
009003,44.327279,8.503102
008060,43.852903,7.898103
022059,46.056110,11.615470
008041,43.889814,7.903283
022228,46.056344,10.865209
008048,44.059419,8.014611
008042,44.048000,7.916000
011005,44.183436,9.584092
008058,43.828394,7.655425
022058,45.979020,11.069900
008026,43.924042,8.066950
009004,44.339503,8.510133
008027,43.909931,8.082025
008020,43.967808,7.983375
008030,43.906889,7.951608
008050,43.837478,7.881881
011019,44.146286,9.655550
008057,43.826044,7.693839
008017,43.925289,8.114342
008049,44.021425,7.871445
011004,44.189097,9.895361
008021,43.851433,7.930547
008064,43.933231,7.954342
008038,43.879728,7.515558
008011,43.815128,7.628433
011003,44.195925,9.768694
009001,44.007917,8.173044
011009,44.266667,9.600000
083053,37.899670,15.049040
008003,44.083544,8.005428
008033,43.967708,7.962811
008007,43.903492,7.718408
011024,44.099286,9.737450
011013,44.160420,9.864885
008039,43.800589,7.717694
011007,44.236675,9.725239
011028,44.293733,9.675428
011002,44.114553,9.905864
008023,44.075656,7.831158
083023,37.983333,15.166667
008005,43.982817,7.922831
058031,42.050278,12.965000
103079,46.071667,8.607222
049006,43.166667,10.600000
034051,44.903583,10.468583
026096,45.835056,11.848472
005122,45.117240,8.002500
083076,38.172500,15.413889
056029,42.573333,12.202500
056004,42.250278,12.067500
049003,42.750000,10.233333
056023,42.345833,12.356389
049007,43.313889,10.525000
022254,46.300700,11.447800
056030,42.675278,11.873056
003166,45.702046,8.529830
048054,43.552014,11.173097
028107,45.229108,11.538425
056007,42.273333,12.032500
011027,44.113608,9.959958
058104,41.966667,12.800000
024127,45.800900,11.608100
012042,45.616667,8.900000
025074,46.062000,12.079611
056017,42.251389,12.375000
012143,45.800200,8.644400
075098,39.903229,18.254606
049005,43.048700,9.840300
049018,43.100695,10.538791
022137,46.309702,10.759628
025075,45.921250,11.931090
058061,42.108333,12.830833
056008,42.644722,11.985833
049019,43.133333,10.650000
056020,42.511389,11.772500
058114,41.833333,12.833333
028108,45.195830,11.620930
056013,42.547500,11.905556
049017,43.400000,10.466667
056006,42.466667,12.312500
096088,45.657127,8.150515
056005,42.225278,12.190000
020073,45.038056,11.223472
056018,42.648889,12.204167
056011,42.383056,12.232778
019099,45.106933,10.160385
049002,43.066667,10.616667
049020,43.083333,10.683333
087055,37.683333,15.100000
056021,42.296111,12.410000
049012,42.934824,10.522120
056016,42.332500,12.265278
021051,46.669555,11.159419
081025,37.885151,12.635307
022253,46.391220,11.058430
059033,40.800000,13.433333
038029,44.963826,11.909866
056025,42.227500,12.446111
056001,42.744722,11.865000
019116,45.136342,10.360515
041071,43.780132,12.497046
092068,39.253658,9.160624
056027,42.374444,12.399722
018026,45.099064,9.242463
049011,42.800000,10.200000
024125,45.860361,11.660667
056026,42.550278,11.726389
012144,45.835360,8.697510
056009,42.482778,12.249444
024124,45.416667,11.533333
049001,43.269444,10.594444
056014,42.258490,12.172780
015251,45.392724,8.982010
056024,42.334722,12.300278
013256,45.823090,8.960490
056010,42.219520,12.426170
112001,40.560000,8.315000
049004,42.750000,10.383333
019007,45.293985,9.986710
022252,46.438853,11.137331
096087,45.576556,8.164833
049010,42.783333,10.166667
001318,45.520180,7.730770
049014,42.816667,10.316667
056012,42.465000,11.751944
049013,42.766667,10.400000
018193,44.927580,9.276356
022251,46.151610,11.097220
022006,45.916667,10.883333
024126,45.719444,11.607778
056019,42.560833,12.137222
056028,42.644444,11.855556
019066,45.389609,9.572697
056003,42.630000,12.089167
056022,42.604167,12.187778
049008,43.600000,10.483333
013255,45.783333,8.933333
056015,42.327500,12.236667
056002,42.463611,11.821389
006193,44.997222,8.472222
017082,45.738889,10.477778
017097,45.480427,10.040108
017128,45.946944,10.231389
017118,45.976667,10.334167
017120,45.533333,10.372222
017107,45.516667,10.350000
017091,45.483333,10.050000
017065,45.894444,10.186667
017099,45.450000,10.083333
017039,45.365400,10.432300
035001,44.616667,10.600000
017095,45.986389,10.261944
017067,45.468889,10.535000
017058,45.816667,10.333333
017038,45.637256,9.933605
017100,45.951667,10.275000
017090,45.716667,10.283333
017071,45.232400,10.325200
017104,45.700000,10.216667
017111,45.716667,10.083333
017113,45.416100,10.391700
017083,46.222222,10.358333
017037,45.455000,10.128611
017044,45.700000,10.316667
017046,45.581667,10.025833
017051,46.082222,10.369444
017074,45.623257,10.564083
017042,45.500000,10.150000
017062,45.633333,9.983333
017079,45.866389,10.175833
017117,45.585000,10.283333
017123,45.627283,10.121365
017069,45.600000,9.966667
017114,45.447222,10.229722
017109,45.526944,10.538889
017045,45.516667,9.983333
017127,45.555278,10.073333
017034,45.348889,10.345833
017043,45.470400,10.296700
017108,45.274722,10.199722
017096,45.650000,10.266667
017106,45.733333,10.100000
017040,45.563056,10.115000
017084,45.766667,10.283333
017068,46.178889,10.330000
017060,45.466667,9.950000
017103,45.366667,10.133333
017064,45.450000,10.016667
017092,45.461111,10.484444
017125,45.400000,9.933333
017122,45.383333,10.116667
017088,45.370278,10.216667
017087,45.738889,10.437500
017081,45.600000,10.150000
017049,46.003333,10.326667
017086,45.309200,10.323300
017070,45.926389,10.251667
017059,45.584880,9.943400
017050,46.003333,10.352778
017126,45.416667,9.966667
017075,45.683333,10.183333
017119,45.544444,10.385000
017052,45.527248,9.917356
017054,46.025000,10.366667
017036,45.754435,10.544690
017048,45.583333,10.183333
017041,45.500000,9.950000
017073,45.256200,10.294500
017085,45.658611,10.053611
035003,44.501944,10.604722
017072,45.483500,10.174500
017094,45.984167,10.316944
017115,45.716667,10.350000
017110,46.213333,10.340556
017057,45.583333,10.216667
017089,45.816667,10.783333
017124,46.017778,10.329167
017116,45.566667,10.466667
017076,45.683333,10.666667
017053,45.300000,10.183333
017063,46.166944,10.244444
017055,45.943333,10.278333
017078,45.402000,10.280300
035004,44.662920,10.473910
017101,46.116667,10.316667
017102,45.549722,10.551389
035002,44.766667,10.683333
017035,46.031667,10.346111
017077,45.587500,10.438889
017105,45.750000,10.283333
017093,45.433333,10.066667
043055,43.197261,13.377339
017080,45.292800,10.273400
017061,45.600000,10.216667
017047,46.077500,10.350556
017056,45.563333,9.978333
017121,45.650000,10.383333
017066,45.419444,10.075000
017098,45.786400,10.629100
017112,45.633333,10.100000
069073,42.244728,14.127325
069074,42.250000,14.466667
069025,42.000000,14.200000
069079,41.983333,14.566667
069086,42.300000,14.450000
069014,42.033333,14.500000
069076,41.933333,14.466667
069057,42.216667,14.283333
069060,41.981667,14.134167
069038,42.032844,14.612738
069087,42.116667,14.566667
066103,41.935833,13.842778
066098,42.048025,13.926198
069055,42.083333,14.650000
069003,42.300000,14.266667
069071,42.211033,14.187358
069039,41.900000,14.216667
069004,42.266667,14.300000
069013,42.247506,14.199931
066100,42.205000,13.636667
069070,41.924020,14.287680
069051,41.950000,14.433333
069047,42.000000,14.683333
069033,42.250000,14.483333
066101,42.290070,13.300920
069061,41.939444,14.581389
069068,42.133333,14.600000
069002,42.083333,14.383333
069083,42.045519,14.731522
069049,41.955240,14.555320
069008,42.304361,14.180561
069020,41.866667,14.450000
069036,41.983333,14.666667
066105,42.271389,13.538056
069058,42.355658,14.403594
069054,41.983333,14.250000
017033,45.534167,10.442500
069031,42.091000,14.206200
069075,42.062172,14.306525
069090,42.345420,14.323600
066107,41.776667,13.939444
066102,41.957778,13.535278
069081,42.422222,14.186667
037032,44.353056,11.714722
069006,42.033333,14.366667
069018,42.200000,14.350000
069012,41.916667,14.533333
069032,42.229310,14.245010
069021,41.866667,14.566667
069015,42.150000,14.583333
069059,42.166667,14.500000
066106,41.872500,13.622222
069043,42.189222,14.221592
069062,42.123230,14.229890
069066,41.916667,14.233333
069034,41.906570,14.487200
069024,42.083333,14.216667
069023,41.950000,14.300000
069067,42.250000,14.316667
060033,41.683333,13.250000
069084,42.216667,14.450000
069016,42.300000,14.133333
069028,42.066667,14.666667
069030,42.248333,14.185833
069045,42.050000,14.183333
069044,42.000000,14.483333
069027,42.296667,14.326111
069072,42.350000,14.233333
069078,41.900000,14.350000
066104,42.334167,13.777778
083009,38.150000,14.733333
069048,42.000000,14.166667
069040,42.050000,14.266667
069050,42.359383,14.292522
069005,42.066667,14.450000
068003,42.211766,13.951548
069065,42.100000,14.400000
069010,42.300000,14.300000
069042,42.300000,14.283333
069029,41.950000,14.633333
069037,42.266667,14.366667
069001,42.100000,14.333333
069069,42.216303,14.143039
069026,41.983333,14.383333
069007,41.916667,14.300000
069082,42.224992,14.214311
069011,42.016667,14.500000
069064,42.152092,14.194775
069089,42.016667,14.166667
069056,42.211389,14.445833
069035,42.418058,14.291908
069085,42.166667,14.333333
069080,41.850000,14.566667
069017,42.115114,14.290606
069041,42.016667,14.550000
069063,42.000000,14.316667
069019,41.816667,14.516667
066108,42.128056,13.817500
069088,41.816036,14.484783
066099,42.069444,13.254722
082072,38.130360,13.235490
083038,37.883333,15.300000
021093,46.628069,10.773477
021095,46.598062,10.545822
083037,38.554900,14.825200
083015,37.859003,15.277817
083042,38.033333,14.750000
082007,38.051250,13.007240
021089,46.555751,11.760564
083008,37.850000,14.483333
083017,37.850000,14.716667
083039,38.100000,14.950000
082020,38.166667,13.233333
083065,37.986470,15.359420
083091,38.016667,14.350000
083022,37.983333,14.916667
082010,37.705000,13.260000
083103,38.193625,15.368842
083021,38.025833,15.381944
082011,37.964553,13.456050
041057,43.664719,12.413000
083018,38.166667,15.333333
083079,38.073326,14.699476
083098,38.200000,15.350000
083060,38.124167,14.787778
083033,38.166667,14.900000
083016,38.100000,15.216667
083082,38.071710,14.777610
083006,38.066667,15.066667
082017,37.989431,13.871141
083078,38.012786,14.597439
083061,37.994722,15.412778
083020,38.110000,14.829722
083106,38.136740,15.162680
005047,44.980000,8.062222
083029,37.860139,15.221531
083075,38.108230,15.169330
083052,37.929850,14.362870
083054,38.166667,15.366667
083064,38.179620,15.305340
083063,38.123480,15.060850
082023,38.050000,13.533333
083094,38.044722,15.462778
083096,38.223760,15.379280
082042,37.944046,14.007007
083041,38.467281,14.955442
083007,38.156230,14.827990
083024,37.914722,15.334167
083093,37.955753,15.339624
083108,38.092460,14.679170
083019,38.116667,15.083333
083067,37.966790,14.291690
021097,46.529301,11.248678
082062,37.800000,13.633333
083086,38.143460,15.280670
021104,46.548585,11.004208
061099,41.009586,14.074085
083081,38.052140,14.967070
083013,37.883333,14.316667
083035,38.166667,15.316667
072018,41.020278,16.929167
021094,46.664538,10.584817
083010,38.083333,14.733333
083073,38.181470,15.372550
083101,37.983333,14.233333
083025,37.901469,15.135919
083090,37.845940,14.702010
021118,46.492308,11.130207
082013,38.050000,13.150000
083045,38.003333,15.316944
083004,37.983333,15.250000
083001,38.016667,14.700000
083095,38.083333,14.850000
082080,37.900000,13.483333
082028,37.900000,13.816667
083068,38.161667,14.861111
083034,37.883333,15.216667
082035,38.092290,13.463900
083028,38.104620,15.125223
082050,38.086219,13.190193
082059,38.000000,14.150000
083099,38.030833,14.824167
021082,46.681986,11.898347
021106,46.761183,12.030411
082068,37.916667,13.766667
021098,46.341510,11.242280
083040,37.950000,15.266667
083105,38.233333,15.433333
082078,37.833333,13.566667
082029,37.683333,13.266667
083051,38.083333,14.750000
082061,37.835278,13.155556
083089,37.940000,15.362500
083102,38.050000,14.883333
083011,38.016667,14.433333
083036,38.051111,15.436944
083027,37.961389,15.381944
083057,38.023410,15.013660
083030,38.033333,14.766667
111074,39.567323,9.104061
022091,46.002530,11.087060
069091,42.183333,14.533333
092090,39.288343,8.957634
117001,39.527150,8.599248
117009,39.680042,8.985110
117002,39.703753,9.003639
111058,39.813679,9.273834
111042,39.419619,9.576302
111016,39.321111,8.653056
117018,39.422778,8.921667
111021,39.438579,8.498612
119013,39.154025,8.739624
111050,39.692262,9.250317
022089,46.118050,11.207510
092074,39.299436,9.091830
111079,39.701409,9.144702
111088,39.561633,9.131870
022083,46.004444,10.842222
119007,39.072112,8.635554
119012,39.166667,8.683333
111084,39.301096,8.807945
022081,46.183333,11.066667
117013,39.481521,8.905277
117004,39.562427,8.947678
111076,39.374483,9.158993
111055,39.486555,9.065609
117010,39.646940,8.900299
092066,39.065848,9.010162
083080,38.158910,15.351870
111047,39.442291,9.013252
119023,39.111798,8.670251
111048,39.711281,9.230404
117026,39.619970,8.960037
111098,39.275720,8.640575
117007,39.493311,8.662891
119019,39.003844,8.643494
117005,39.744088,8.923731
118024,39.741500,9.109722
111093,39.393755,9.074707
092050,39.009447,9.000549
117011,39.592369,8.721722
111051,39.538469,9.084148
111086,39.600001,9.187832
117014,39.549853,8.791637
119015,39.074461,8.666046
111066,39.441894,9.540424
111087,39.347208,9.181352
111075,39.533968,9.131012
111064,39.497252,9.305849
117017,39.562956,8.982868
092080,39.302557,9.203110
117023,39.704710,8.916349
117024,39.691767,8.908625
117003,39.640463,8.840046
119010,39.046519,8.631413
111041,39.384468,9.044495
111104,39.493411,9.390049
119014,39.161080,8.612380
092037,39.286217,9.228859
119021,39.102624,8.579121
117012,39.660982,8.921843
119024,38.967951,8.772326
117019,39.492517,8.976517
092051,39.241350,9.183920
111061,39.537850,9.197530
111103,39.439167,9.576111
111099,39.780277,9.213281
111065,39.357529,9.008274
119018,39.093698,8.714905
111082,39.869630,9.236755
117016,39.613888,8.821506
092099,39.035540,8.996950
119017,39.110949,8.522515
111105,39.142222,9.520556
117027,39.632267,8.869057
117028,39.643900,9.003296
022090,46.083333,11.300000
092105,39.252860,9.176159
111106,39.380885,8.941326
119020,39.066370,8.454480
111095,39.363435,8.796272
022087,45.916667,11.183333
111045,39.777433,9.036706
111085,39.516887,9.293833
117006,39.733132,9.020333
111039,39.655399,9.129810
111046,39.791028,9.080286
111006,39.397500,8.402500
111043,39.302026,8.667526
117008,39.539959,8.626671
119008,39.266484,8.471746
117021,39.672778,8.888278
111060,39.481123,9.036856
119002,39.110516,8.368230
111069,39.478274,9.169464
092109,39.256848,9.138737
022085,46.111083,11.318278
117020,39.722500,8.938417
022079,45.966667,10.916667
025015,46.588830,12.516853
025045,46.100000,12.033333
025046,46.582529,12.527302
012136,45.733333,8.900000
025060,46.133333,12.416667
014018,46.316667,9.400000
108003,45.654466,9.251328
014009,46.469248,10.372171
018008,45.066667,9.200000
012088,45.875000,8.621700
012124,45.739300,8.780800
014039,46.150000,9.483333
014072,46.427876,10.356165
018106,45.150000,8.833333
018037,45.016667,9.133333
108008,45.700000,9.283333
108029,45.638062,9.262760
018118,45.100000,9.316667
014019,46.266667,9.850000
018093,45.172394,9.448666
025018,46.460376,12.415825
018190,45.133333,9.050000
014071,46.489107,10.295149
012092,46.000000,8.750000
108002,45.633333,9.416667
014046,46.216667,9.450000
025053,46.116667,12.100000
018100,45.033333,9.316667
012123,45.683333,8.700000
012049,45.800000,8.733333
018060,45.216667,9.250000
018114,45.110278,9.436944
030189,46.565539,12.680258
025005,46.551156,12.443039
108055,45.600000,9.450000
025022,46.016667,11.800000
012024,45.950000,8.883333
012122,45.650000,8.883333
108027,45.597222,9.130000
014033,46.300000,10.283333
018041,45.133333,9.100000
025029,46.100000,12.183333
018140,45.038142,9.190665
012083,45.850000,8.833333
018146,45.115556,8.665278
018150,45.316667,9.200000
025071,46.266667,12.300000
014060,46.333333,10.333333
014031,46.046969,9.551604
012040,45.683333,8.833333
018013,45.166667,9.316667
108028,45.616667,9.250000
108001,45.578333,9.352222
025027,46.281300,12.066000
108023,45.616667,9.216667
025032,46.479626,12.459403
012006,45.780300,8.793800
012069,45.933333,8.783333
018173,45.266667,9.100000
018171,44.816667,9.200000
012126,45.783333,8.700000
012132,45.766667,8.700000
012115,45.912533,8.772891
014057,46.266667,9.383333
018122,44.930767,9.014159
018152,45.116667,9.350000
012109,45.596944,9.018333
012138,45.716667,8.700000
018141,45.216667,9.216667
014045,46.133333,9.566667
018075,45.333333,8.766667
014013,46.266667,9.866667
012105,45.766667,8.833333
025057,46.204167,12.303056
025066,46.419622,12.244899
018034,45.316667,9.016667
012035,45.733333,8.833333
025058,46.066667,11.783333
102033,38.626130,16.086716
018036,45.033333,9.266667
018120,45.047777,9.207110
108049,45.605278,9.303306
012072,45.850000,8.716667
012128,45.803900,8.672500
108022,45.666667,9.300000
018176,45.300000,9.233333
018072,45.284766,9.140749
018151,45.133333,9.083333
025023,46.360556,11.914444
018052,45.331800,8.556500
025030,46.481577,11.954265
018115,45.078913,9.171280
108035,45.583333,9.200000
108016,45.650650,9.378464
012084,45.816667,8.616667
012046,45.753100,8.874400
018095,45.000959,9.103454
012025,45.786000,8.805000
018092,45.123993,9.208467
014027,46.150000,9.450000
071015,41.300000,15.483333
071006,41.400000,15.200000
072003,40.784061,17.237461
071019,41.325556,15.180833
074007,40.833333,17.366667
071028,41.500000,15.333333
071013,41.616667,15.100000
074003,40.650000,17.516667
071036,41.330833,15.711389
071063,41.316667,15.633333
071001,41.166667,15.333333
071002,41.433333,15.116667
074012,40.732222,17.577778
071016,41.350000,15.200000
072020,41.150000,16.400000
072041,40.800000,16.766667
071022,41.216667,15.383333
072039,40.883333,16.950000
035005,44.900000,10.550000
071023,41.325000,15.160833
072021,40.800000,16.933333
071033,41.700000,15.966667
074005,40.750000,17.416667
071005,41.215556,15.557778
071043,41.922194,15.877184
072028,41.066667,17.083333
072015,40.950000,16.916667
071004,41.784585,15.443579
074016,40.511555,18.014344
071008,41.833333,15.766667
074008,40.531389,17.585833
074019,40.466667,17.733333
071041,41.683333,15.583333
071003,41.116667,15.283333
072024,41.016667,16.700000
074013,40.450000,17.916667
072047,40.916667,17.016667
072012,41.050000,16.833333
071017,41.583333,15.116667
074014,40.633333,17.633333
071048,41.525000,15.006667
072027,41.083333,16.783333
072040,41.000000,16.800000
074010,40.566667,17.800000
072010,41.033333,16.750000
071009,41.133333,15.516667
074011,40.500000,17.633333
071031,41.716667,16.050000
072008,41.024167,16.710556
071047,41.711667,15.635000
071042,41.100000,15.466667
071050,41.733333,15.266667
071049,41.833333,15.566667
072025,40.750000,17.316667
072036,40.849228,17.122544
074018,40.483333,18.050000
074015,40.416667,17.833333
071040,41.816667,15.366667
072035,40.996111,17.220278
071034,41.500000,15.116667
072017,40.883772,17.167858
072032,41.033333,16.983333
072046,41.066667,16.916667
072022,41.183333,16.666667
072014,41.050000,16.916667
071012,41.829112,15.870993
072023,40.820556,16.423333
071044,41.375440,15.098240
072037,40.996877,17.006853
072030,40.950000,17.300000
071010,41.366667,15.700000
071032,41.166667,15.266667
074006,40.433333,17.733333
072043,41.133333,16.550000
071035,41.283333,15.266667
074004,40.466667,17.966667
072038,41.117289,16.483725
071021,41.850000,15.150000
071027,41.866667,15.350000
072048,41.050000,16.883333
072044,41.000000,16.683333
072034,40.916667,16.250000
071018,41.566667,14.983333
074002,40.707222,17.659444
072019,40.966667,17.116667
071011,41.594586,14.975414
072002,41.000000,16.866667
074020,40.583333,17.483333
071046,41.700000,15.733333
071007,41.250000,15.350000
072001,40.900000,16.850000
072033,41.050000,16.700000
072016,40.883333,16.766667
072031,40.800000,17.133333
074009,40.573906,17.714484
071037,41.220820,15.275600
074017,40.655556,17.703611
071038,41.950000,16.016667
071014,41.600000,15.116667
071025,41.900000,15.900000
070075,41.400000,14.616667
021110,46.815180,11.720782
094051,41.766667,14.266667
094037,41.777778,14.412778
094027,41.650000,14.250000
070067,41.450000,14.633333
070055,41.916667,15.016667
094036,41.666667,14.033333
070056,41.716667,14.816667
094022,41.600000,14.450000
070079,41.633333,14.516667
094018,41.496389,14.005556
094016,41.666667,14.400000
094013,41.766667,14.400000
070072,41.716667,14.983333
094035,41.750000,14.383333
070084,41.500000,14.583333
094019,41.550000,14.050000
070071,41.466667,14.500000
111020,39.780278,9.285556
112007,40.533470,8.762112
070076,41.550000,14.483333
117022,39.714747,8.959823
111017,39.431718,9.126677
111011,39.236358,9.499172
094042,41.616667,14.083333
094048,41.616667,14.050000
111026,39.615574,9.107451
070068,41.683333,14.966667
094006,41.833333,14.266667
094028,41.566667,14.116667
094050,41.416667,14.083333
070082,41.483333,14.950000
070052,41.683333,14.700000
070051,42.016667,14.866667
094045,41.550000,14.366667
070080,41.566667,14.766667
094010,41.566667,14.350000
094005,41.516667,14.400000
111014,39.378497,9.178391
094041,41.700000,14.233333
092108,39.267879,9.049988
070065,41.966667,14.950000
070060,41.833333,14.600000
070064,41.883333,14.700000
094033,41.877917,14.294195
094046,41.883333,14.250000
094032,41.683333,14.333333
094021,41.606780,14.140410
094012,41.650000,14.066667
094014,41.650000,14.133333
021015,46.413259,11.246203
070077,41.916667,14.766667
111025,39.699345,9.100703
094052,41.483333,14.050000
111032,39.568448,9.074192
094026,41.566667,14.400000
092015,39.311191,8.970337
118012,38.943556,8.862877
070070,41.483333,14.416667
094030,41.516667,14.166667
070062,41.750000,14.516667
094025,41.566667,14.166667
070061,41.747500,15.004167
111007,39.344470,9.359922
094009,41.850000,14.233333
092011,39.175187,8.970852
070059,41.616667,14.666667
111019,39.698767,9.122214
070081,41.766667,14.550000
094040,41.500000,14.350000
070063,41.715260,14.590490
094049,41.633333,14.333333
094011,41.516667,14.300000
094015,41.683333,14.383333
111013,39.335360,8.914890
070083,41.816667,15.016667
094044,41.550000,14.216667
070069,41.866667,15.016667
094024,41.516667,14.250000
094020,41.700000,14.183333
094039,41.716667,14.133333
094034,41.566667,14.283333
094004,41.842445,14.414131
070054,41.683333,14.516667
092003,39.289671,9.004841
094029,41.716667,14.066667
094008,41.600000,14.316667
094003,41.700000,14.450000
094007,41.716667,14.300000
094001,41.666667,14.150000
094043,41.791944,14.181389
070073,41.700000,14.600000
111002,39.521853,9.381208
111003,39.549026,9.362755
070050,41.887900,14.787780
022161,45.883333,11.034167
070057,41.483333,14.833333
118021,39.578537,9.285421
046009,44.121944,10.405556
095064,40.110278,8.883611
095054,39.823567,8.938751
095026,39.700055,8.784256
095016,40.112500,8.870556
095061,39.712370,8.774643
095051,40.215128,8.587317
115004,39.766667,8.816667
095085,40.374242,8.499641
095030,39.746068,8.770459
095023,39.760552,8.872404
095063,40.105556,8.932778
095076,39.927444,8.762283
095083,40.265497,8.520777
095027,40.051389,8.638056
083044,37.918333,15.055556
115082,39.858858,8.901415
095057,39.919348,8.762498
095024,39.681694,8.832836
095060,39.753954,8.906136
095072,39.885372,8.778591
095020,39.994876,8.809490
095029,39.684997,8.777046
021026,46.549574,11.874034
095052,40.174167,8.919167
095055,40.212244,8.556418
095059,39.930230,8.693230
095041,40.083333,8.766667
095071,39.988432,8.752027
095013,40.020417,8.671861
095036,39.823287,8.974736
095021,40.120000,8.835000
095066,40.002931,8.649502
095056,39.949556,8.634267
095065,39.719731,8.636284
095082,39.852698,9.052048
095088,40.269064,8.548179
115051,39.906310,8.897050
021032,46.786847,11.612450
095015,40.100000,8.650000
115002,40.171944,8.856944
095078,40.129722,8.878056
095009,39.871804,8.946476
095070,39.807613,8.852405
095053,40.080278,8.613056
095058,39.720854,8.828115
095080,40.267116,8.539209
095006,39.772760,8.581290
095018,39.930556,8.530278
095005,39.956999,8.863950
021027,46.808655,10.541440
115053,39.947615,8.940768
021030,46.811980,11.884006
112009,40.416667,8.766667
112008,40.415278,9.028611
095079,40.298958,8.497792
112003,40.622222,8.810000
095007,40.084722,8.912778
095050,40.013056,8.598611
021025,46.269410,11.221880
082037,37.866667,14.150000
095019,40.188889,8.567222
112005,40.456532,9.168284
095031,40.048056,8.576389
021029,46.317770,11.273370
095010,39.722167,8.897639
095028,39.864694,8.858667
095033,40.135382,8.832664
095008,39.809591,8.919010
095087,40.280835,8.550196
082031,38.166667,13.100000
111023,39.793897,9.006987
095069,39.698206,8.701515
095034,40.101111,8.951389
112010,40.522222,8.743611
095025,39.751018,8.638344
095046,39.683543,8.646584
095022,39.698602,8.835068
095067,40.252886,8.520756
095042,39.724798,8.796197
112004,40.570969,8.699026
095039,39.876546,8.644009
095062,39.954444,8.671667
021031,46.517770,11.502776
090061,40.484037,8.586159
095037,39.951389,8.734722
095040,39.791655,8.801680
095047,39.880700,8.609160
095068,40.045226,8.903604
095049,40.141944,8.651944
021028,46.735425,12.224280
095035,39.974444,8.539167
095032,40.065278,8.946944
095073,39.795678,8.820219
095011,39.992778,8.555556
115003,39.787203,8.861761
095012,39.713311,8.875215
112002,40.444444,9.058056
095017,40.033333,8.900000
095084,40.275350,8.530020
095077,39.746662,8.830819
010051,44.566667,8.666667
041065,43.898000,12.753194
010024,44.546572,9.304744
041043,43.564250,12.834650
010057,44.563928,8.988647
041064,43.845869,12.592500
053014,42.587500,11.515000
041031,43.841111,12.412778
021013,46.796319,11.935512
021076,46.233333,11.200000
022049,46.051920,11.494210
041035,43.865431,12.473061
010009,44.506886,8.891800
041030,43.811600,12.631639
022040,46.266667,11.333333
022035,45.939102,11.115404
010032,44.503564,8.711953
041025,43.647400,12.336831
041054,43.604931,12.946200
083026,38.072280,14.743448
041048,43.804339,12.377100
089014,36.716667,15.100000
082060,37.721522,13.431164
021115,46.896324,11.431940
010065,44.560577,9.091603
010021,44.466936,9.089864
041047,43.724200,12.412783
021033,46.642863,11.681375
021092,46.702743,12.350544
022038,46.156389,11.733611
021086,46.642989,11.356621
010012,44.534764,8.998856
021056,46.649886,11.004195
010035,44.527825,8.915186
008014,43.864360,7.868810
011017,44.169683,9.612233
022042,46.169100,10.763769
041038,43.689889,13.045361
022039,46.476881,11.771075
010026,44.606067,9.292433
021061,46.575208,11.672138
022036,46.476168,11.741525
053016,42.435278,11.116667
010049,44.608206,8.955167
022029,46.133333,10.750000
022037,46.250000,11.033333
087021,37.842778,15.141944
022033,46.366667,10.950000
094017,41.600000,14.100000
022051,46.408412,11.138073
041061,43.490819,12.770619
041049,43.587969,12.509800
010017,44.389567,8.646183
010022,44.565900,9.237600
041058,43.684778,12.870969
010027,44.646142,8.956861
021024,46.314010,11.223880
053013,42.598889,11.293056
010006,44.571044,8.945344
021057,46.769521,11.665917
010066,44.599378,9.040028
010046,44.350000,9.233333
041026,43.870500,12.491600
022032,46.003611,11.242500
010001,44.403528,8.682711
041029,43.751700,13.095569
010039,44.515139,9.043608
010033,44.445497,8.747942
041041,43.695989,12.496031
022045,45.916667,10.600000
041028,43.674050,12.968281
041045,43.780589,12.733550
053015,43.050000,10.893611
022048,46.063430,11.633310
008001,43.871883,7.553378
010061,44.524964,8.619811
041051,43.767200,13.073060
010020,44.584631,9.023467
041034,43.734450,12.833100
041027,43.796931,12.855131
022052,46.183333,11.033333
099031,43.891919,12.509181
010008,44.538089,8.697792
021004,46.455333,11.259049
082049,38.081667,13.288889
041022,43.730350,12.440650
022043,46.070910,11.493790
022034,46.000000,11.266667
010058,44.507758,8.935950
041023,43.803331,12.441850
099030,43.841211,12.359700
041021,43.737239,12.783100
010014,44.508353,8.883961
082038,38.087060,13.156480
010003,44.444483,9.088572
022050,46.291111,11.460556
041020,43.938866,12.771253
041036,43.848931,12.790900
022053,46.000000,10.966667
057008,42.400000,13.066667
057041,42.233333,12.850000
057026,42.405833,12.686111
053020,42.786944,11.510000
057017,42.616667,13.166667
057003,42.416667,13.083333
094038,41.516667,14.066667
046025,44.132778,10.411944
057001,42.694444,13.247500
053023,42.689722,11.334722
046035,44.166667,10.400000
057007,42.200000,13.233333
057044,42.250000,12.683333
057056,42.250000,12.850000
046006,44.160833,10.334444
057047,42.133333,12.933333
046015,44.066667,10.433333
057025,42.416667,12.766667
046011,44.064444,10.526389
046010,44.150833,10.411667
057005,42.316667,12.900000
046027,44.166667,10.350000
057055,42.216667,12.800000
046034,43.916667,10.650000
046031,44.116667,10.283333
046004,43.979722,10.546667
057016,42.383333,12.950000
057011,42.250000,12.800000
046020,44.066667,10.416667
057002,42.629381,13.288372
057045,42.533333,12.833333
057034,42.266667,12.966667
053019,42.634444,11.668333
046023,44.183333,10.300000
081009,37.933333,12.333333
057053,42.267222,12.688611
057006,42.516667,13.133333
053017,43.131111,11.016667
057042,42.283333,12.816667
057050,42.300000,13.066667
094002,41.810400,14.378500
053025,42.929167,11.558333
057030,42.229723,12.804969
057035,42.366667,12.483333
057010,42.300000,12.650000
046003,44.075000,10.481667
053026,42.681944,11.714167
046005,43.933333,10.300000
046026,43.841520,10.616320
046002,44.009444,10.579444
057033,42.568550,12.959960
053024,42.908056,10.850833
053028,42.730000,11.541111
057021,42.333680,12.553290
057039,42.383333,12.683333
057054,42.200000,12.883333
046007,43.875556,10.573611
057040,42.367700,12.597210
046030,43.993056,10.310556
046001,43.816667,10.674722
057032,42.526035,12.800279
057049,42.206632,13.147846
053022,42.831944,11.585278
057027,42.190228,12.696211
057004,42.196944,12.997500
057012,42.333333,12.666667
046021,43.850400,10.668600
057020,42.183333,13.033333
046033,43.867239,10.250606
057015,42.400000,13.016667
053018,42.439444,11.212500
057031,42.450000,12.750000
057052,42.300000,12.700000
057037,42.450000,13.050000
046022,43.966667,10.416667
046018,43.866667,10.333333
046019,44.166667,10.216667
070058,41.683333,14.816667
057018,42.136700,13.048400
057036,42.233333,13.050000
057029,42.300000,12.600000
057048,42.190556,12.997778
046014,44.115833,10.459444
046013,43.950000,10.183333
057046,42.150000,13.066667
057043,42.333333,12.783333
046024,43.945190,10.218270
057038,42.249000,12.751800
057019,42.211742,12.947670
053021,43.009722,11.168333
057051,42.500000,12.883333
057024,42.425430,12.644310
046028,44.000000,10.233333
057013,42.214925,12.963590
010067,44.336969,9.267092
046008,44.120833,10.326389
057014,42.233333,12.750000
057009,42.466667,12.900000
111107,39.311457,8.926563
057023,42.316667,12.983333
091058,40.485082,9.442406
010054,44.334933,9.210122
091055,40.271013,9.402752
010023,44.451997,9.257908
091093,40.023671,9.171524
091104,40.148734,9.219289
091025,39.913040,9.183970
010041,44.454294,9.190856
091084,40.294846,8.657398
114003,40.071389,9.088889
091028,40.160378,9.194698
022106,46.400000,11.016667
091044,40.264357,8.775061
091085,40.574326,9.696293
010045,44.564703,9.184881
015115,45.325000,9.140000
091017,40.291573,9.587631
091011,40.215194,8.803139
022110,46.353611,10.912500
022115,46.153930,11.808760
010042,44.406842,9.274150
091057,40.182500,9.147778
091060,40.271667,9.170278
082024,37.783333,14.050000
091077,40.229167,9.164722
010052,44.575872,9.278839
022116,46.216667,11.116667
022114,46.316667,10.800000
010048,44.526261,9.386653
010038,44.525975,9.249014
091071,40.095342,9.160495
010064,44.413203,9.162958
091047,39.945111,9.072083
010011,44.274722,9.453417
010062,44.518733,9.157978
022097,46.152039,11.797339
010031,44.443528,9.137239
091018,40.230037,8.898411
022093,46.149960,10.768010
010016,44.408539,9.236333
010010,44.351717,9.344122
010030,44.429514,9.267861
015093,45.433333,9.116667
020065,44.992660,10.749410
022113,46.470115,11.729688
010060,44.372686,9.104233
091056,40.168889,9.179167
091068,40.524231,9.218109
091046,40.214167,9.283611
022229,45.883333,10.733333
091090,40.095145,9.118996
010034,44.383692,9.377289
091043,40.470196,9.486179
010056,44.547717,9.450733
114002,39.991482,9.076542
091061,40.249444,9.178333
114006,40.475000,9.381667
022095,46.016010,11.633790
010019,44.391878,9.267506
091064,40.303553,9.112558
022104,46.016667,11.300000
114005,40.264071,8.816700
091016,40.007960,9.224997
010037,44.238619,9.490275
021062,46.683848,11.073520
022117,46.209722,11.097778
010018,44.333081,9.372461
091059,40.407778,9.652222
010050,44.562397,9.217739
091038,40.305556,8.918889
022103,46.139010,11.112260
010007,44.348397,9.155758
091091,40.068055,9.147191
091040,40.406176,9.609604
114017,40.410359,9.630375
091086,40.026497,9.102731
022098,45.883333,11.016667
010002,44.382333,9.158647
010004,44.378242,9.069789
010013,44.274514,9.513636
091063,40.379722,9.694167
010029,44.345708,9.319011
091070,40.234167,9.042500
091010,40.328278,8.959306
022054,46.367501,10.957923
091062,40.204706,9.352627
091066,40.035369,8.986130
022092,46.155833,11.152778
091041,40.591275,9.539566
010047,44.362089,9.143475
114001,39.956465,9.196758
091027,40.385128,9.611921
010015,44.316411,9.323736
010005,44.422131,9.387064
114004,39.960609,9.184141
091012,40.281490,8.837986
091083,40.287778,8.890278
010028,44.312154,9.341706
091050,40.224167,8.920833
010043,44.374808,9.086597
053006,42.765556,10.880833
022047,46.272080,11.417200
056048,42.419444,12.234167
053027,43.146111,10.855556
082075,38.710000,13.188889
081008,38.037500,12.587500
013048,45.716667,9.200000
053007,42.890556,11.392500
056051,42.479167,11.791111
108050,45.616667,9.366667
056053,42.565278,11.826944
056036,42.533333,12.033333
085010,37.466667,13.733333
056057,42.310556,12.079167
053010,42.925000,10.908333
056050,42.249167,11.756111
056037,42.268056,11.898611
022153,45.883333,10.850000
056060,42.466389,12.173333
056055,42.414444,12.347500
053005,42.772500,11.698611
041019,43.966839,12.756261
041010,43.764300,12.883200
056058,42.384722,12.277500
058111,41.666667,12.783333
056045,42.289444,12.214722
053008,42.995000,11.281667
041017,43.764531,12.377931
041002,43.559050,12.418300
053012,42.355000,10.905000
095074,39.989444,8.595556
041009,43.781700,12.336650
083097,37.851790,15.285650
041001,43.616700,12.671200
097061,45.683333,9.383333
041015,43.688956,12.806119
041005,43.717000,12.375731
053003,42.454167,11.422500
058026,41.816667,12.933333
056040,42.692222,11.816944
095014,40.112778,8.936389
097020,45.700000,9.400000
094031,41.605520,14.276200
022108,46.150000,11.216667
056052,42.421389,11.871944
095043,39.993889,8.541667
056054,42.385000,12.264167
041008,43.472581,12.628531
010059,44.273333,9.393239
011032,44.277611,9.744633
056041,42.157800,12.137800
098033,45.147500,9.855556
119016,39.204857,8.380508
057028,42.266667,13.133333
008065,43.790278,7.608333
011022,44.050000,9.833333
053002,42.884444,11.271389
011010,44.241847,9.656175
056044,42.758056,11.830556
056047,42.687500,11.907500
056046,42.279722,12.054167
056035,42.351389,11.607778
089006,37.275778,15.014472
056038,42.196980,12.308420
022127,45.908864,11.019975
053004,42.890833,11.539444
053001,42.872222,11.537500
041018,43.514439,12.738450
009037,44.300000,8.066667
113004,41.080144,9.387989
082012,37.750000,14.100000
041016,43.632100,12.901169
056042,42.460278,12.386111
053009,42.918889,10.761389
056056,42.218056,12.096389
021011,46.716549,11.657851
056049,42.247778,12.215833
041007,43.547000,12.647300
056034,42.534444,11.925833
041006,43.657900,12.294150
041014,43.676617,12.645039
098011,45.103611,9.796667
015070,45.516667,9.333333
056031,42.545000,11.756944
056043,42.523056,11.830000
070033,41.733333,14.683333
058039,41.816667,12.683333
056033,42.636944,12.109444
111018,39.624730,9.351940
091067,40.406699,9.369278
070074,41.621389,14.876111
092075,39.291000,9.185257
070034,41.766667,14.733333
058003,41.733333,12.666667
022226,46.286445,11.561278
041066,43.667773,12.522088
056039,42.243611,12.346389
089001,37.230278,15.219444
095075,39.960000,8.710000
095086,40.261221,8.577619
016135,45.469444,9.620833
016098,45.633333,9.550000
016114,45.666667,9.816667
016107,45.990000,9.946389
016146,45.912029,9.778824
016103,46.042778,9.758611
034024,44.583472,10.317472
016148,45.871486,9.819353
016097,45.494844,9.749061
016133,45.570369,9.767376
016126,45.628938,9.626586
016094,45.702681,9.878066
034039,44.520667,10.198611
016250,45.669300,9.494600
016100,45.801944,9.843056
016118,45.964444,9.927500
034014,44.866361,10.061111
034018,44.614528,10.266167
016154,45.534277,9.671157
034022,44.412361,10.123333
016150,45.669294,9.695620
034035,44.616667,9.983333
016141,45.592500,9.808889
082027,38.038251,14.026402
016144,45.743889,9.759444
016159,45.733333,10.033333
016116,45.866667,9.833333
016128,45.812500,10.070000
016140,45.533333,9.700000
034023,44.693389,10.422417
034019,44.643000,10.299444
034017,44.683333,10.100000
016127,45.833333,9.533333
016092,45.883333,9.700000
016143,45.698680,9.608652
016096,45.550000,9.533333
034025,44.809750,10.177278
034028,44.733333,9.927028
016108,45.811667,9.903056
058078,41.883333,12.883333
016132,45.708889,9.547778
034016,44.856472,10.176222
016102,45.752349,10.000026
016101,45.466667,9.800000
016147,45.944973,9.981533
034041,44.920861,10.326361
016134,46.013056,9.664722
034015,44.882417,10.173056
016158,45.874586,9.890856
016157,45.583333,9.833333
016122,45.476667,9.759444
034038,44.610139,10.087750
016136,45.951667,9.700833
016125,45.943333,9.677500
034044,44.568417,9.884972
016151,45.988333,9.579167
034026,44.435944,10.193056
016142,45.476076,9.689258
016121,45.983333,9.750000
034036,44.927028,10.122167
016156,45.751944,9.535278
034045,44.686944,10.014167
016149,45.883333,10.016667
016129,45.566667,9.633333
034032,44.815639,9.978306
097086,45.809689,9.426799
016111,45.800000,9.833333
016139,45.672297,9.799343
016105,45.496800,9.677300
016110,45.766667,9.883333
016113,45.600000,9.750000
015168,45.558319,8.947689
034033,44.916667,10.233333
016106,45.850000,9.533333
016099,45.890368,9.992619
016160,45.698333,9.733889
097071,45.683333,9.433333
034031,44.713139,10.227528
034030,45.008634,10.219839
016161,45.800000,9.900000
016117,45.656667,9.723889
016119,45.733333,9.916667
034042,44.639944,10.381750
016153,45.616667,9.600000
016137,45.766667,9.933333
034046,44.662833,9.845833
034020,44.756778,10.140306
016123,45.666111,9.631389
016124,45.790084,9.882124
016131,45.650000,9.550000
016091,45.650000,9.600000
034040,44.483333,9.633333
016155,45.729047,9.613490
016115,45.703889,9.719167
016120,45.633333,9.866667
016130,45.716667,9.883333
016152,45.633333,9.583333
016093,45.783333,9.966667
016109,45.661427,9.896349
016145,45.972222,9.649167
014035,46.428155,9.343872
018023,45.078070,9.131190
012077,45.700000,8.650000
018186,45.200000,8.666667
012036,45.768611,8.742222
018069,45.200000,8.916667
108048,45.684940,9.223595
018046,45.254355,9.127888
012010,45.913889,8.794444
018009,45.300000,9.316667
012070,45.664900,8.791400
012054,45.766667,8.683333
018158,45.150000,9.333333
108007,45.645000,9.400000
025012,46.165328,12.392472
018157,45.236951,9.320262
014034,46.283333,10.266667
071052,41.152778,15.380833
108046,45.610286,9.272911
018033,45.006146,8.926989
018163,45.262199,9.046835
014062,46.216667,9.866667
025014,46.447046,12.014025
018156,45.059956,8.670943
012003,45.766667,8.583333
012058,45.909057,8.867498
012050,45.650000,8.966667
012048,45.692739,8.796078
018188,45.110464,9.396058
025036,46.033333,11.883333
025050,46.557938,12.549142
018166,44.883333,9.166667
012131,45.900619,8.824794
012119,45.625500,9.037000
014037,46.538173,10.135993
012071,45.783333,8.766667
018184,44.866667,9.266667
018133,45.111025,9.283176
025017,46.566029,12.517302
108024,45.700000,9.216667
018032,45.050000,9.133333
018080,45.233333,9.233333
025069,46.386667,12.172778
108015,45.683333,9.233333
018102,45.250000,8.750000
012041,45.933333,8.766667
018169,45.166667,9.233333
014015,46.166667,9.800000
025026,46.050000,11.750000
018124,45.050000,9.150000
018061,45.150000,8.950000
018062,45.116667,8.866667
018084,45.033333,9.083333
025054,46.451386,12.034525
012118,45.616667,8.783333
014063,46.133333,9.616667
012011,45.887140,8.902564
014030,46.149041,9.749097
018065,45.046656,8.682044
108040,45.643417,9.137389
018030,45.173819,9.082491
012093,45.833333,8.766667
012076,45.993280,8.725790
018138,45.103889,8.908889
012066,45.914100,8.737300
018020,45.056795,9.366785
025007,46.436423,12.219598
012061,46.060200,8.804300
012014,45.816667,8.716667
012039,45.666667,8.733333
025010,46.344000,11.974444
018074,44.962059,9.306388
014017,46.150000,9.500000
012015,45.866667,8.866667
018079,45.216667,8.566667
014011,46.150000,9.800000
018130,45.251060,8.578938
018091,45.100000,9.033333
012073,45.781036,8.832177
018059,45.192659,8.611040
025055,45.983333,11.850000
018014,45.250000,9.033333
018177,45.316667,8.866667
025025,46.222222,11.956667
012082,45.785556,8.736667
012120,45.733333,8.633333
108039,45.650000,9.200000
108045,45.600000,9.166667
012034,45.600000,9.050000
014074,46.212778,9.637222
018134,45.033419,9.352166
012022,45.950600,8.740200
025013,46.391613,12.290800
014029,46.150000,9.666667
108010,45.611000,9.147750
014066,46.216389,10.168889
012080,45.741580,8.859940
012045,45.950000,8.666667
018029,45.050000,9.283333
025056,46.133333,12.083333
022129,46.016667,11.366667
022124,45.875833,10.891111
022169,46.366667,11.066667
022173,46.333333,11.116667
022143,46.159900,10.766000
022130,46.043490,11.552910
022147,46.316667,11.600000
022133,46.133333,11.350000
073012,40.400000,17.633333
022128,45.933333,11.066667
022139,46.066667,11.233333
022123,45.851300,10.981700
022177,46.216667,11.316667
022136,46.355278,10.689167
022142,46.069060,11.609080
091094,40.627731,9.678225
022120,46.143056,10.964722
022171,46.065110,11.506530
022157,46.066667,11.433333
022162,46.414813,11.177774
022155,46.400000,11.116667
022138,46.087980,10.723240
022165,46.081570,11.522780
022135,45.891111,10.950556
022134,46.285889,11.541972
022176,46.395930,11.668220
022168,46.116667,11.300000
022167,46.193800,11.134600
091024,40.118778,9.253578
022160,46.250000,11.166667
022163,46.442650,11.016557
022156,46.050833,11.410000
022150,46.400000,10.850000
022144,45.928100,11.043080
022131,46.300000,10.733333
022172,46.183333,11.266667
022159,46.423073,11.148899
022170,46.418728,11.140792
015059,45.533333,9.516667
097045,45.848910,9.376300
019089,45.066667,10.183333
015099,45.570000,8.866389
015210,45.455833,9.391944
019081,45.328585,9.683545
019067,45.400000,9.550000
015185,45.483333,9.350000
019096,45.083333,10.350000
083005,38.147720,15.214690
065137,40.753611,14.525278
019075,45.133333,10.183333
015244,45.356430,9.349150
019025,45.295790,9.760910
019003,45.250000,9.883333
019012,45.333333,9.650000
097026,45.766667,9.283333
097027,46.016667,9.383333
019108,45.016667,10.300000
060073,41.670750,13.149333
015179,45.516667,9.016667
019020,45.410243,9.642189
060085,41.683333,13.416667
097025,46.000000,9.383333
097019,45.756402,9.348394
015122,45.483333,9.416667
097070,45.991146,9.427318
015181,45.616667,8.950000
019062,45.383333,9.733333
097064,46.016667,9.350000
019057,45.000000,10.366667
015177,45.575930,9.500730
020027,44.950000,10.816667
015131,45.579200,8.802450
097028,45.741826,9.305070
015042,45.326400,9.026500
097051,45.783333,9.300000
019031,45.083333,10.283333
015041,45.547778,8.886667
060071,41.842120,13.095190
015172,45.550000,9.383333
097032,46.100000,9.316667
015112,45.382198,8.991296
015230,45.576650,9.529670
097016,45.698333,9.311667
097052,45.766667,9.450000
097014,45.800000,9.466667
015184,45.433333,8.883333
015155,45.550000,8.733333
097033,45.783333,9.366667
015040,45.533333,9.366667
015130,45.460250,8.876611
015060,45.516667,9.366667
015188,45.353329,9.022078
097063,46.060100,9.401900
097074,45.750000,9.366667
019060,45.283333,9.683333
015072,45.600000,8.950000
020038,45.070390,11.136410
015154,45.550000,8.983333
015050,45.333333,9.266667
019059,45.283333,9.716667
019078,45.416667,9.616667
019083,45.031160,10.472530
015176,45.536685,8.990315
019027,45.300000,9.933333
015165,45.366667,8.916667
015222,45.416667,9.383333
097015,46.040278,9.388686
019028,45.100000,10.216667
097022,45.833333,9.350000
019076,45.183333,9.783333
019082,45.306686,9.704706
097057,45.791310,9.349741
019014,45.159444,10.231111
019018,45.316667,9.616667
015038,45.550000,8.816667
060069,41.600000,13.633333
015113,45.516667,8.850000
015164,45.500000,8.900000
097031,45.766667,9.333333
097006,45.733333,9.316667
015136,45.566667,9.466667
097069,46.052000,9.423000
015151,45.283333,9.000000
097049,45.700000,9.333333
020070,45.319444,10.659444
019040,45.110833,10.248889
019086,45.383333,9.783333
097024,45.766667,9.366667
019084,45.466667,9.516667
097047,46.029714,9.389990
060072,41.669624,13.850011
019061,45.050000,10.266667
015061,45.424167,8.908611
097068,45.833486,9.393954
015026,45.466667,8.833333
097067,46.016667,9.300000
015183,45.533333,8.766667
083085,37.921667,15.346944
083084,38.068050,14.633320
071059,41.850000,15.956389
051006,43.567778,11.864722
075010,40.250000,18.283333
075005,39.983333,18.383333
051013,43.521567,11.486436
051034,43.575556,12.143889
075004,39.950000,18.083333
073003,40.633333,16.933333
051025,43.330278,11.730833
073005,40.416160,17.388610
051039,43.553056,11.589444
051016,43.405278,11.770556
073007,40.500000,16.750000
075013,40.266667,18.250000
071056,41.683333,15.283333
075020,40.310200,18.202210
075009,40.066667,18.316667
073026,40.400278,17.566667
075012,40.166111,18.365278
075003,40.066667,18.050000
075011,40.400000,18.016667
051022,43.305833,11.787500
075024,39.889110,18.367470
051014,43.663333,11.882222
075015,40.197044,18.338414
073015,40.583333,17.116667
073009,40.633333,16.800000
051017,43.275556,11.988056
075021,40.066667,18.166667
051035,43.710556,12.298889
075017,40.266667,18.266667
051007,43.640833,11.985833
051011,43.528889,11.763611
073014,40.322778,17.573611
075022,40.266667,18.050000
051031,43.735833,11.761667
051037,43.580000,11.872222
073022,40.384167,17.354722
071061,41.500000,15.050000
051027,43.680833,11.749722
073013,40.700000,17.333333
073010,40.382180,17.334260
075026,40.133333,18.200000
075018,40.200000,18.300000
071054,41.283333,15.766667
075096,40.007022,18.425733
051020,43.586667,11.628611
073020,40.616667,16.966667
051003,43.708056,12.187222
073021,40.583333,17.050000
075008,40.150000,18.350000
073029,40.566667,17.200000
075007,40.339432,18.072915
075029,40.166667,18.166667
073008,40.533333,17.433333
073017,40.566667,17.333333
051005,43.477500,11.615833
051001,43.541667,12.055000
051033,43.564444,11.532778
075027,40.016667,18.400000
075019,39.833333,18.350000
073004,40.600000,17.233333
051023,43.740010,11.620130
073018,40.450000,17.416667
073011,40.391944,17.448333
075025,40.150000,18.316667
073028,40.350000,17.500000
051026,43.523397,11.567867
018048,45.150000,9.483333
051004,43.697500,11.814444
073025,40.450000,17.500000
071053,41.800000,15.166667
073016,40.500000,17.383333
075002,39.883333,18.333333
073002,40.466667,17.400000
073024,40.450000,17.366667
073001,40.353889,17.735833
073019,40.633333,17.033333
051015,43.698333,11.936111
075028,39.850000,18.366667
051010,43.745278,11.710000
071055,41.250000,15.733333
051038,43.602778,11.788056
071064,41.450000,15.966667
073006,40.433333,17.466667
051024,43.489167,12.112222
073023,40.433333,17.400000
071062,41.483333,15.116667
071060,41.883333,16.166667
051018,43.256667,11.816389
051030,43.672500,12.042222
075023,40.166667,18.250000
075016,40.016667,18.166667
051021,43.274528,11.746014
075014,40.346100,18.046100
051008,43.653361,11.788000
071058,41.366667,15.300000
075006,40.133333,18.133333
051012,43.343889,11.918889
058049,41.783333,12.883333
057063,42.266667,12.750000
058042,41.833318,12.972838
058041,41.700000,13.050000
058050,41.683333,12.700000
058064,41.816667,12.716667
058115,41.733333,12.833333
009002,44.049114,8.213017
058024,42.127778,12.500000
058004,42.156944,11.904722
058033,42.195833,12.582222
057068,42.216667,12.750000
058046,41.800000,12.666667
058054,42.133333,12.133333
058068,42.143461,12.504672
058122,42.001667,12.621944
058063,42.133333,12.733333
058019,41.866667,12.950000
058053,42.030000,12.923056
058005,42.088333,12.277500
058032,42.100000,11.800000
058010,42.040460,13.017810
058066,42.137778,12.807778
057066,42.300000,12.566667
058044,41.933333,12.993611
057057,42.516667,13.100000
058009,41.716667,12.666667
058043,41.702222,12.692500
058069,42.230180,12.594400
058015,42.133333,12.383333
057065,42.316667,12.616667
058012,41.883333,13.033333
057061,42.316667,12.700000
058035,41.833333,12.750000
057058,42.166667,12.966667
058075,42.066667,12.766667
058008,41.883333,13.116667
058040,41.866667,12.816667
058065,42.050000,12.616667
058072,41.466667,12.666667
058016,42.133333,12.100000
058056,42.023611,12.806944
058007,41.447222,12.628333
058076,42.094722,12.908611
058074,41.833333,12.900000
058062,41.650000,13.039722
015058,45.516667,8.900000
058052,42.160000,12.435833
057069,42.261944,12.869722
058058,42.205556,12.397500
058060,41.808056,12.737222
058021,41.906944,12.885556
058037,42.255833,12.600833
058059,42.033728,12.644448
112016,40.914444,8.712778
058011,41.733333,12.916667
058038,42.083333,12.400000
022183,45.848889,10.580278
057071,42.133333,13.016667
058017,41.940512,13.037140
009069,44.111029,8.115849
058070,41.721850,12.718090
058116,41.954444,12.074167
058118,41.800000,12.600000
058023,41.974722,12.867222
057064,42.166667,12.850000
084020,35.503526,12.606689
058029,42.007500,12.105000
058028,41.988056,13.067222
057067,42.350000,12.600000
058027,41.945000,12.982778
058020,41.600000,13.083333
058117,41.616667,12.550000
058057,41.766667,12.666667
058051,42.074244,12.901569
058013,42.100000,12.183333
058067,42.116610,12.772340
010044,44.304242,9.207161
057072,42.383333,12.650000
058006,42.016667,12.983333
058048,41.883333,13.166667
058030,41.961667,12.941389
058071,42.160833,12.786944
058077,41.907778,12.958333
058025,41.845833,12.895000
057073,42.233333,13.016667
058045,41.650000,13.116667
057060,42.516667,12.850000
058073,41.860556,13.031944
057062,42.272639,12.924500
058022,41.746944,12.651944
058002,41.982500,13.033611
058001,41.885000,13.096111
058014,42.016667,13.100000
058055,41.993889,13.016667
058036,42.166667,12.600000
058018,42.140278,12.540278
058034,41.728680,13.003140
057070,42.350000,12.633333
112032,40.548056,8.832778
090059,40.397810,8.659802
084017,37.318611,13.663056
112035,40.461667,9.189167
090056,40.832222,8.884444
084002,37.569600,13.453464
112022,40.385556,8.990000
090086,40.864722,8.712500
112036,40.783889,8.743889
021049,46.565595,10.783017
084026,37.292480,13.793370
021036,46.671492,10.553913
084034,37.647778,13.111111
021117,46.657719,11.924326
021045,46.287910,11.210680
084007,37.575739,13.218608
084029,37.408333,13.734722
021108,46.996009,11.981242
021035,46.584781,11.202730
112064,40.928170,8.824596
021046,46.687919,10.546549
084015,37.521389,13.434444
112030,40.778333,8.808611
084028,37.294444,13.527222
112012,40.457500,9.061111
090072,40.677778,8.562500
112027,40.590753,8.569508
084035,37.510000,13.526389
112023,40.650000,8.666667
021042,46.616614,10.700159
084004,37.618347,13.440508
021044,46.746466,11.761084
021041,46.616019,11.144859
084016,37.408889,13.643889
084033,37.499444,13.265000
084021,37.108333,13.946944
084006,37.526150,13.289350
084019,37.388056,13.556111
112062,40.638889,8.488056
090052,40.584871,9.003285
084023,37.607778,12.968611
112031,40.471667,8.560556
112063,40.663333,8.540833
112065,40.916026,8.894699
112013,40.846944,8.830278
112020,40.430420,8.715506
084011,37.360000,13.851111
084009,37.631111,13.632222
021039,46.609229,11.564263
084030,37.404722,13.533889
021038,46.682519,11.123069
021048,46.655632,11.140534
021047,46.698000,11.931230
112025,40.353611,8.999722
112045,40.836944,8.401389
090089,40.937799,8.227644
084032,37.310278,13.462778
112066,40.503611,8.470556
090048,40.651111,8.379722
112026,40.544363,8.902144
021043,46.454414,11.062015
112014,40.391389,8.994444
090060,40.561515,8.460202
112011,40.392222,9.008889
090053,40.395457,8.630147
090067,40.789916,8.595192
112034,40.556167,9.021320
112028,40.817222,8.835278
112024,40.451944,8.752222
084005,37.598533,13.290775
021037,46.617344,10.859539
112029,40.409902,8.636971
021063,46.794307,11.982383
112017,40.505556,8.724722
084027,37.193611,13.765833
112019,40.657500,8.681389
112018,40.749444,8.818611
112033,40.678611,8.617500
084022,37.580556,13.307778
090071,40.525000,8.716389
084012,37.541667,13.645278
084025,37.703333,12.986667
084036,37.629167,13.641667
112015,40.668889,8.614722
090055,40.582222,9.110000
090087,40.903889,8.868333
090069,40.798333,8.577222
112060,40.513473,8.764858
021050,46.586392,11.256156
090051,40.674682,8.592167
021052,46.756898,12.104353
021034,46.833157,11.947484
112021,40.792239,8.943815
090050,40.743611,8.671111
090066,40.398660,8.725419
112061,40.732500,8.984722
084018,37.405833,13.701111
084010,37.259444,13.919167
084008,37.253611,13.795556
090057,40.664444,8.745278
016166,45.979788,9.670548
089002,36.916667,15.133333
083014,38.084155,14.807290
082048,38.033333,13.450000
082066,37.984752,13.328062
082033,37.733333,13.183333
083071,37.930542,15.268581
082026,37.916667,13.466667
083077,38.166667,15.266667
082008,37.933333,13.533333
082047,37.866667,13.466667
081020,38.166667,12.750000
082009,38.050000,13.383333
089007,37.100000,14.950000
082032,37.916667,13.933333
082057,38.000000,13.283333
089010,37.233333,14.883333
083049,38.217000,15.237000
089009,37.083333,15.150000
083031,37.901667,15.293333
016163,45.896111,9.923889
082051,37.850000,13.766667
083047,38.166494,15.249928
082022,37.930556,14.088333
082014,37.933333,13.666667
081014,36.787500,11.992500
089021,37.166667,15.183333
083059,37.981160,14.302060
082040,37.900000,13.433333
083043,38.575960,14.835470
081015,37.728889,12.889444
089004,37.083333,14.866667
082056,37.800000,14.083333
082043,38.200000,13.250000
082002,37.700000,14.116667
082025,37.666667,13.600000
082064,37.966667,13.183333
016162,45.810556,10.043889
020032,45.185838,10.487894
083066,38.138900,14.964810
082021,38.133333,13.183333
081010,37.806460,12.870900
089020,36.686111,15.136111
082067,38.083333,13.533333
083088,38.116667,14.883333
082041,37.966667,13.966667
082077,37.916667,13.566667
089011,37.283333,15.000000
083069,38.055586,14.910608
089005,37.033333,15.066667
016165,46.000000,9.683333
081006,37.678611,12.791667
081022,38.050000,12.616667
083083,37.916740,14.962580
081012,37.651661,12.587510
081023,37.866667,12.816667
082081,37.861042,13.918424
089012,37.183333,15.116667
082074,38.066667,13.033333
083032,37.833333,15.266667
081024,37.712710,12.499640
082054,38.050000,13.116667
081019,37.766667,12.883333
082052,37.681490,13.379063
083055,37.903400,15.275420
082070,37.983333,13.700000
082055,37.800000,14.100000
082065,37.914444,14.190556
082016,37.833333,13.483333
089018,37.100000,15.116667
082030,37.900000,13.566667
089013,36.883333,15.083333
082044,38.000000,13.933333
083050,38.046114,14.676153
083070,37.972850,14.344270
082018,37.750000,13.266667
082046,37.950000,13.416667
089019,37.166667,15.033333
082034,37.816667,13.300000
081004,37.633333,12.750000
089016,36.816667,14.950000
081017,37.756127,13.010483
082019,37.900000,13.100000
081007,38.078828,12.675125
082069,37.816667,13.850000
083046,38.083333,15.133333
081016,37.765000,13.036667
016164,45.947222,9.675000
081005,38.026389,12.880556
083100,38.048593,15.098588
089003,37.125000,14.851944
082073,38.000000,13.650000
081013,37.978757,12.560280
089015,37.061667,14.902778
082015,37.816667,13.883333
082045,37.750000,13.600000
083087,38.566667,14.866667
081018,37.816667,12.800000
082071,38.150000,13.083333
042038,43.525344,13.394089
059028,41.500000,13.066667
060079,41.629556,13.398167
059006,41.650000,12.916667
059021,41.533333,13.150000
042025,43.563619,13.250239
042048,43.526019,13.616019
060089,41.516667,13.766667
060078,41.786720,13.265200
059014,41.266667,13.750000
059023,41.483333,13.216667
008028,43.930950,8.068692
059008,41.256389,13.606944
083104,38.219944,15.366707
059030,41.266667,13.433333
042034,43.486081,13.482100
070078,42.002778,14.994722
042040,43.482858,13.069300
042046,43.542183,13.037725
059027,41.550000,12.983333
042032,43.513600,13.621569
059024,41.299850,13.024770
042005,43.580489,13.166550
059018,40.900000,12.966667
060082,41.450000,13.400000
060086,41.683333,13.716667
059010,41.283333,13.533333
059007,41.350000,13.416667
059001,41.583333,12.650000
060080,41.862222,13.246944
042015,43.648900,13.047900
059016,41.583333,12.966667
042026,43.526431,13.064339
042019,43.434419,13.350250
059003,41.383333,13.533333
057022,42.500000,12.783333
042022,43.440300,13.607431
042045,43.713056,13.218333
042027,43.639928,13.310381
060083,41.365917,13.811500
042030,43.600489,13.271089
060084,41.550000,13.916667
111004,39.476519,9.100177
059012,41.409167,13.462500
060088,41.616667,13.833333
042010,43.464167,13.546111
042011,43.607389,12.976369
059022,41.678330,12.920630
060090,41.516667,13.316667
042044,43.427469,12.856519
042024,43.472100,13.036969
060074,41.716667,13.616667
059019,41.466667,13.183333
060077,41.552139,13.777806
042014,43.599669,13.325681
059029,41.414458,13.241397
022071,46.400000,11.100000
056032,42.630000,11.828333
022109,45.922500,11.323611
042003,43.483333,12.939600
042031,43.601164,13.213764
059013,41.516667,13.183333
042033,43.527267,13.441500
042008,43.487778,13.145833
042018,43.629600,13.396800
060087,41.783333,13.350000
042037,43.511581,13.077200
042023,43.477175,13.119189
111033,39.560177,9.044666
059017,41.408300,13.044340
060076,41.616667,13.233333
060081,41.775806,13.272806
042042,43.456250,13.174361
059020,41.516667,13.266667
059025,41.235278,13.095556
042007,43.578319,13.352761
059005,41.588889,12.830556
059004,41.300000,13.833333
042012,43.494481,13.080939
042004,43.580750,13.024619
042036,43.603711,13.057264
042047,43.447650,13.015211
042013,43.319739,12.984769
042029,43.481289,13.138031
042020,43.430481,12.935561
042049,43.432900,13.186039
059002,41.550000,13.033333
042006,43.527740,13.552570
042001,43.543439,13.386006
042041,43.576831,13.206200
070053,41.583333,14.866667
042035,43.612650,13.158231
042016,43.445981,13.117369
111010,39.145006,8.305449
059026,41.300000,13.816667
059015,41.350000,13.350000
042043,43.495961,13.310717
060075,41.600750,13.491800
059009,41.216667,13.566667
060091,41.525278,13.969167
070049,41.583333,14.583333
070046,41.950000,14.783333
070045,41.883333,14.650000
070047,41.759444,14.932778
070048,41.711389,14.779444
070040,41.616667,14.816667
070013,41.750000,14.700000
070025,41.500000,14.916667
070020,41.516667,14.516667
070038,41.516667,14.666667
009053,44.233333,8.250000
009014,44.278825,8.233361
070036,41.950000,14.716667
070039,41.633333,14.500000
009061,44.127042,8.207108
070009,41.633333,14.766667
070021,41.663889,14.974167
009042,44.205692,8.416150
009008,44.125130,8.171520
009026,44.368606,8.234789
070022,41.666667,14.466667
009064,44.269175,8.436069
009021,44.130481,8.115514
070037,41.616667,14.716667
009019,44.031675,8.048419
009013,44.160003,8.304633
009017,44.235275,8.115403
009027,44.449319,8.310983
070015,41.833333,14.716667
009018,44.357894,8.290625
070003,41.483333,14.466667
070012,41.583333,14.533333
009058,44.396897,8.493314
009024,44.096575,8.232103
070023,41.533333,14.666667
009029,44.169072,8.343536
009057,44.227108,8.419203
070029,41.916667,14.916667
009034,44.129003,8.259822
070001,41.866667,14.750000
009048,44.485372,8.307531
009022,44.342100,8.545575
009032,44.449986,8.393458
009010,44.248667,8.443650
009016,44.205094,8.294411
009065,44.360006,8.576636
009046,44.281175,8.201114
070030,41.516667,14.800000
022078,45.966667,10.950000
070002,41.533333,14.550000
070008,41.550000,14.750000
070011,41.741389,14.848889
009045,44.053317,8.087528
009047,44.327336,8.275400
070016,41.616667,14.566667
009054,44.361639,8.192825
070005,41.550000,14.550000
009049,44.148747,8.282817
009036,44.291614,8.297614
009068,44.046008,8.143133
009051,44.444764,8.434636
070014,41.700000,14.733333
070035,41.600000,14.916667
022074,46.283333,11.050000
059032,41.283333,13.250000
070026,41.516667,14.733333
009030,44.033508,8.097039
070017,41.466667,14.716667
009025,44.087322,8.145019
009052,44.293114,8.410308
070044,41.737050,14.950340
009063,44.487578,8.591953
009062,44.176561,8.268450
070010,41.956667,15.034444
059031,41.300000,13.733333
070027,41.803611,14.793333
009033,43.974511,8.158311
009050,44.356628,8.243092
070041,41.646935,14.673059
009015,44.397892,8.277789
070007,41.450000,14.516667
009041,44.114406,8.029714
070019,41.783333,14.683333
009009,44.192089,8.129142
009023,44.387750,8.208458
009066,44.074706,8.073930
009035,44.191561,8.250239
070032,41.683333,14.616667
009038,44.364400,8.205936
009031,44.172156,8.246153
009012,44.109053,8.241358
009060,44.005233,8.030317
009039,44.489803,8.411203
009040,44.316172,8.161308
070004,41.704167,14.935833
070018,41.466667,14.666667
070043,41.866667,14.633333
009043,44.070103,8.054947
009044,44.219525,8.324994
009011,44.134428,8.221281
070031,41.800000,14.916667
070042,41.900000,14.833333
009059,44.001183,8.055053
070028,41.433333,14.550000
009028,44.137272,8.104097
070024,41.666667,14.550000
009055,44.479003,8.490097
